PRDT_NM,MUFC_NM
citrullinemalate,Primaforce
thermoxyndetox,IFORCE
universalmind,Essence of Vitality
slimvance,GNC
bigguygold,FunThingsForMe
macdaddyblack,Mac Daddy
macdaddyred,Mac Daddy
revup,SNC
viggga,AS Global
roar,Roar
queen'sknight,Serenita
americanbangster,American Bangster
burnboost,Top Banana(유통사)
animalparadekidzinclozengestangerine,Natural Organics Laboratories
animalparadechildren'schewablemultivitamingrape,Natural Organics Laboratories
animalparadechildren'schewablemultivitamincherry,Natural Organics Laboratories
animalparadechildren'schewablemultivitaminwatermelon,Natural Organics Laboratories
slimwaistplus,Botanical Earth Blends(유통사)
z-burnday,Fitness One Formulas
ketoultra,Grandview Natural Body Care(유통사)
ketovipmax2000+,Keto VIP 2000+(유통사)
vesele,Innovus Pharmaceuticals
weightmanagement,Esmond Natural
boweldetox,Nature's Sunshine Products
bioslim,Pharmaceuticals LAGAP SA
phytovy,Zen Biotech Co
slimgreentea,Nivi Stores(유통사)
brainpro,REVANGE NUTRITION
jungleessence+rhodiolamaxx,NATURE
miamilean,REVANGE NUTRITION
blackspider25powder,CLOMA PHARMA
deepsleep,LAB ONE
deepsleeplemon,ONE
nostress,REVANGE NUTRITION
synecaps,YAMAMOTO NUTRITION
nimfo,CORE Labs
herox,GENIUS
zmb+gmc,7Nutrition
knockout,REVANGE NUTRITION
thermalpro,REVANGE NUTRITION
testolonesarmrad140,LAWLESS LABS
rad-14010mg,UNDERGROUND
sr-stack,XCEL SPORTS
sr9009,BRAWN NUTRITION
supercardarinegw-0742,CORE Labs
cardarine,FREEDOM FORMULATION
s4elite,FOCUSED NUTRITION
phenibutrx900mg,REVANGE NUTRITION
pheni+nootropicseries,CORE Labs
phenibutpure,CORE Labs
andarines4,BRAWN NUTRITION
femalelibidoboosternaturalformula,HEALTHY SUPPLEMENTS
femalelibidobooster,SPORT NUTRITION & VITAMIN
mucuna,The Himalaya Drug Company
c4ultimateshredstrawberrywatermelon,Cellucor
flameextremerocketpop,MUSCLE MAX
cutxt,JACKED FACTORY
goldburn,Ultimate Nutrition
share-originalfermentedjap.apricot(categorygreenplum),Share® Marketing-Trading-Logistik GmbH
suibianguo(CandiedGreenPlum),"Guangdong Sijiyoumei Industrial Co., Ltd."
cordycepspro,Naturalforce Nutrition
100%puremctoil3600mg,Horbaach Manufacturing LLC
ketogtadvancedweightloss,Vitalina LLC(유통사)
ketoslimx,Tiger Bodi(유통사)
purefastketo800mg,Better Health Now(유통사)
applecidervinegarketo+1500mg,Simple-Organics
urinozincprostatehealthcomplexclassic,DSE Healthcare Solutions(유통사)
catherineherbalteachrysanthemumflavour,Catherine
sidraepimedyumlumacun,Sidra Gida Sanayi Tic. Ltd
balsarayiaphrodisiacepimediumturkishhoneymix,Balsarayi Gida iMalat Pazarlama San. Ve Tic Ltd
mplusepimediumlubitkiselmacunherbalpastewithepimedium,Cankatan Gida Sanayi ve Ticaret Limited Sirketi
q7goldbitkiselkarisimlimacunvegetablemixedpaste,Gold Q7 Gida ve Bitkisel Urunler Ltd
q7chocolateforwomen,Gold Q7
q7chocolate,Atilim Gida Pazarlama San. Ve Tic. Ltd
africanmangoextract,We Like Vitamins
slimdownweightloss+,Nutraflax Products
regufitmetabolismboosterfibersupplementpineapple,"Oliva&Sons,Inc"
l-5-htp377mg,SC Solutions
maximumstrengthrazalean800mg,Tiger Bodi(유통사)
artriajokingreforzadoconortigayomega3,-
airborneimmunesystemoriginal,The Airborne Store
echinacea5000,Cenovis
echinacea/cat'sclawcomplex,Solgar
liveroptimizer,Jarrow Formulas
5-htpplus200mg,Nature Wise
deepsleep,Good Health
colon14daycleanse,Dr. Tobias
harmonize,Blackstone Labs
coloncleanseblackberry,HYLEYS
shedevilintimacyenhancer,Nutriment
femhancer,Extremely Naturals
femaleenhancement,Health Solution Prime
completebalancepmformula,Natrol
diettea,Royal King
ultraslimherbaltea,"Triple Leaf Tea,Inc"
chinaslimteaherbalteadelight,FEC Ginseng & Marine Products(유통사)
33dayslimingtea,-
detoxcleanse,-
daoradetox,-
hubslimingtea,-
mctdetox,-
biguerlaitea,Allied Express Int'l Import Export Inc
14dayslimmingdetoxtea,Vitalion Research(유통사)
killitpushpop,5 Percent Nutrition
killitlemonlime,5 Percent Nutrition
killitfruitpunch,5 Percent Nutrition
killitblueberrylemonade,5 Percent Nutrition
hydropinappleburn,Matxi. S.G.
prevailv-toxnaturalbalancedetoxtea,Valentus(유통사)
thermoperk,Valentus(유통사)
allnaturalgreencoffee,Sonix Labs(유통사)
adam'ssecretextrastrength,Adam's Secret
ru58841powder,"SHAANXI WORTHFUL HERB BIOTECH CO.,Ltd"
sexitup,-
kamagragold,AJANTA PHARMA LIMITED
kamagra7assortedflavour,AJANTA PHARMA LIMITED
kamagraorangeflavour,AJANTA PHARMA LIMITED
nutivahempseedoil,Nutiva
levelIIweightloss,FORMUTECH NUTRITION
phedracutblackx,USN
5-htpplus,Natrol
ecashred,Enhanced Athlete
coderedfatburner,Enhanced Athlete
dtn8explosivefatburner,Gaspari
lipo-6blacknighttime,Nutrex Research
apesh*tcutzstrawberrypeach,Primeval Labs
cutscranberrygrape,Black Market Labs
truburn,Nutrakey
redlight,Controlled Labs
tiagra,ALKA USA.lnc
goldimpactra,BIOTECH U.S.A
mataine,-
fiberx,OPERATION OF CELLTUIN
superkamagra,AJANTA PHARMA LIMITED
kamagramixfruitflavour,AJANTA PHARMA LIMITED
naturalmalexxl,Nature's Nutrition
hornygoatweed,Arazo Nutrition
maximumtestosteronebooster,Vita Miracle
bullboost,Osyris Nutrition Lab(유통사)
mentalkcandy,Mentalk
akiyocandy,PT Lestari Fajar International
mistericandy,PT Surya Global
hamercandyg28q79,Hamer
hamercandye854a9,Hamer
round2,Round 2
redlips,SX Power
xplatinum20000,X
xenadrineultimateweightloss,Xenadrine
redmammoth,Red Monster
antistressformula,VAYU Nutrition
hersolution,Leading Edge
semapro,Male FX Labs
legendzxl,TK Supplement
libidosupportforwomen,DrFormulas
wickedshot,WD
tihveps,Tisancay
7-dayultimatecleansemulti-herbcoloncleanse,Nature's Secret
dieters'drinkbebidadietetica,Cali Girl
ryderxl,Ryder XL
alprazium,Nutratech
truelevate,TRUVISION HEALTH
coloncleanse,SFI USA
adam'spower,Adam's Secret
stiff-ezcanyonridge,libertyNorth
skinnyfast,Natural Balance
hypereloaded,Blackstone Labs
blackviper,Dragon Pharma
phenibut,REPP Sports
euphoria,Blackstone Labs
lgd,Sarms Max
rad,Sarms Max
vitoman,Caesar Pharma
thermogenicfatburner,Pro Nutrition
testoenergy,Super Nutrition
sleepformula,Naturelo
3xtmaxenergy,USN
coloncleanwithagedcascarasagrada,Kovite
extenzewithtestosteroneboost,Global Product Management
cholestene,High Performance Formulas
breastblend,Vitanica
detoxandslimdown,YoungYou International(유통사)
alphatoxpremiumdetox14daycycle,Alphatox
adelgazantetea,Fitoperu
dr.miller'sdetoxtea,Lurra Life
loveetaweightlosscranberrytea,Mekor LLC(유통사)
loveetaweightlossblackberrytea,Mekor LLC(유통사)
dr.miller'sholisticpremiumholytea,Vi-Tal Health and Wellness
signaturefibercoffee,Rising Dragon Beauty and Wellness Trading Corporation
melatonin3mg,"Quality Supplements and Vitamins, Inc"
demograss,Complejo de Investigacion y Desarrollo Herbolario
essentialketoshred,Keto Genesys
toxiburn,Zephyr Organics(유통사)
zero-gketo,Tiger Bodi(유통사)
slimtightentone,Unaltered Athletics
organiccoconutoil,Nature's Wellness Market
organiccoconutoil,Arazo Nutrition
probioslimextrastrength,Force Factor(유통사)
glucofitbloodsugarcontrol,Smart Nutrition
coconutoil1000mg,Vitapure
powerdetoxblast,Power Detox Blast(유통사)
keto3000mg,Weight Loss Corp
365skinnyhighintensity,365 Skinny
ultraleanappetitecontrol,Healthway Corp
maxigniteketo,Max Ignite
fitnessketo800mg,Vitalina LLC(유통사)
ketomd,Vitalina LLC(유통사)
ketoadvancedweightmanagement,Diva Trim Dietary Supplements(유통사)
cla+carnitine,LiveLong Nutrition(유통사)
proven,Superior Quality Products(유통사)
tonegold,CNMC Distribution
missslim,Slim Fast
chiro-klenzlemontea,Edom Laboratories(유통사)
slimaxdetox,Natural Health Store(유통사)
gym&trim,Nutrition Fitness
golddragon,Gold Dragon
maca玛卡果,西安鸿升药业科技有限公司
hamercandym293f2,Hamer
redspider,不二工坊
vitaminsum/skincarecosmeticformula,Aaron Health Corp
vimmaxplusforwomen/zinc50mg,Purebota Health Corp
oversizerx/haircarecosmeticformula,Aaron Health Corp
hohepunku,sigmund
silverstar,NEWELLA Co
purehawaiianspirulina500mg,Ample for wellness Living
silymarinmilkthistle,Ample for wellness Living
bio3slimbodytea,Bio3 Corporation
true-slimtea,Zillyon
superslimmingherbaltea,Vincent Tea International
t-bodtrituradotea,"Natural Health II, S.A."
slimmingtea,"Changzhou Kakoo Tea Foodstuff Co.,Ltd"
常菁茶(besunyenslimmingtea),北京澳特舒尔 保健品开发有限公司
getyoursleep,Vitamin bounty
children'ssleep,Zarbee's
calmdwn,ACHV Balance
bladepm,Blue Star Nutraceuticals
corecleanse,Health formula
megamuscle3,Auxigen health
kavakava,Samsara Herbs
prunelaxciruelaxnaturallaxativeregularminitabs,Garden House
15daycleanse,OFC Molecular
laxativegummies,Pharmvista
15-daypurge,Black mountain
colonclenz,Nutraceutical Corporation
ultraslimteacran-raspberry,Hobe labs
ostamuscle,Enhanced Athlete
andarine,Enhanced Athlete
growthhormone,Enhanced Athlete
testolone,Enhanced Athlete
cardarine,Enhanced Athlete
ligandrol,Enhanced Athlete
liporx,"Nutriment, Inc(유통사)"
maximumslimoriginalgreencoffee,Maximum Slim
greencoffee,Nutrakey
greencoffee1000mg,Alfa Vitamins Laboratories
dr+bhbketosalts,Herblif Nutrition USA
ketowave800mg,Justified Laboratories
fastpurefitketomax,Justified Laboratories
keto800mgproprietaryblend,Vitalina LLC
ketotrimfatutilizingweightloss,Better Health Now
testhd,lovate Health Sciences USA.Inc.(유통사)
低分子ヒアルロン酸コラーゲン(저분자히알루론산콜라겐),オリヒロプランデュ株式会社
herbalslimmingteagreentea,21st century Health care
blackcohosh540mg,Nature's bounty
estrosensehormonebalancing,Natural Factors
echinaceacomplex250mg,21st century Health care
lutein25mg,Webber Naturals
glucosaminechondroitin,Webber Naturals
omega-3molecularlydistilled,Now Foods
ironmaxxhellfirefatburner,IronMaxx Nutrition GmbH
ironmaxxzornboosterblackcurrant,IronMaxx Nutrition GmbH
ironmaxxzornboosterraspberry,IronMaxx Nutrition GmbH
ironmaxxzornboostermango,IronMaxx Nutrition GmbH
superimmune,super nutrition
superimmuneiron-free,super nutrition
superimmuneantioxidant-richmultivitamin,super nutrition
plumorganicsjustsweetpotato,"Plum, PBC(유통사)"
tummytuckmax,Tummy Tuck
mothajellycrystalsblackcurrant,Motha Confectionery Works (Pvt) Ltd
mothajellycrystalsmixedfruitjelly,Motha Confectionery Works (Pvt) Ltd
dreamrelease,MegaFood
echinaceaherbextract,Solgar
immunityechinacea,Amway Corp(유통사)
nubesttall,NuBest(유통사)
lung-saver,NaturalCare
estrovenmenopauserelief+stress,i-Health(유통사)
dopaplus,Pure Encapsulations
dglplus,Pure Encapsulations
l-citrulline,Jarrow Formulas
mucunadopa,Source Naturals
kidsgoodelderberry,The Good Vitamin Co
pureraspberryketones1350mg,Gmax Central(유통사)
ketoflex,nutra4health(유통사)
黒炮(흑포),-
extend,Distinct Medical
confido,The Himalaya Drug Company
goodman,Wining(US) International trade Co. Ltd
zma,Now Foods
beautyheat,Beauty Fit
aminoxwatermelon,BSN
aminoxgrape,BSN
aminoxblueraz,BSN
aminoxfruitpunch,BSN
echinacea&astragalus,Nature's Answer
nac600mg,Solgar
"hempseedoil1,000mg",Healing Solutions
herbalslimmingteahoneylemon,21st century Health care
r13premiumthaiherborganicdriedbutterflypeaflowerstea,R13
intestinalcleanse,NutriONN(유통사)
bioactivecompleteb-complex,"Quality Supplements and Vitamins, Inc"
epicureprepbowls(setof4),Epicure Inc(회수사)
lithium-oro(orotate)20mg,Bio-Innovations Pharmacal
lithiumorotate10mg,Age Immune LLC
lithiumorotate130mg,Horbaach
lithiumorotate5mg,Purely Holistic
lithium,Wellness One World
ioniclithium,Goodstate Inc
lithiumsynergy,Designs for Health
lithiumorotate,SFI USA
lithiumaspartate,Swanson
lithiumorotate,Global Healing Center
lithiumorotate10mg,Enjoy Nutrition
lithium1000mcg,"Quality Supplements and Vitamins, Inc"
lithiumorotate5mg,Seeking Health
lithiumliquidconcentrate,EIDON
lithiumorotate5mg,Vital Nutrients
lithiumorotate120mg,Advanced Research
lithiumorotate5mg,Swanson
lithiumorotate5mg,Pure Encapsulations
lithiumorotate5mg,Elite Life Nutrition
lithiumaspartate5mg,Nutraceutical Corp
lithiumorotatedroplemonlime,KAL Vitamins
lithiumorotate5mg,KAL Vitamins
one-a-daymegamulti,Sanderson
reluminsactiveglutathionecomplex,Relumins Labs(유통사)
waterweightloss,Zenesis Labs
bloatbuster,Rise-N-Shine(유통사)
n-acetyl-l-cysteine600mg,"Quality Supplements and Vitamins, Inc"
waterout,Now Foods
waterpill,Natrol
sawpalmetto&pygeumextract,Country Life
superlysine+immunesupport,Quantum(유통사)
orthomolbeautyformen,Orthomol Pharmazeutische Vertriebs Gmbh
orthomolbeauty,Orthomol Pharmazeutische Vertriebs Gmbh
orthomolsport,Orthomol Pharmazeutische Vertriebs Gmbh
orthomoli-care,Orthomol Pharmazeutische Vertriebs Gmbh
orthomolcardio,Orthomol Pharmazeutische Vertriebs Gmbh
orthomolfertilplus,Orthomol Pharmazeutische Vertriebs Gmbh
orthomolfemin,Orthomol Pharmazeutische Vertriebs Gmbh
orthomolnatal,Orthomol Pharmazeutische Vertriebs Gmbh
orthomolvitalm,Orthomol Pharmazeutische Vertriebs Gmbh
orthomolvitalf,Orthomol Pharmazeutische Vertriebs Gmbh
orthomolimmun,Orthomol Pharmazeutische Vertriebs Gmbh
lipo6blackintense,Nutrex Research
supergymnema500mg,Best Naturals
largininepro,Lab88
remifeminmenopauserelief,Enzymatic Therapy(유통사)
g.i.detoxgentlefullspectrumbinder,Bio-Botanical Research
anti-grayhair,Best Naturals
wellnessformula,Source Naturals
pinalimherbalsupplementbags,GN+VIDA
arginine&citrulline,Now Foods
megafatburnercomplex,VIP Vitamins
b-complex100,Nutraceutical Corp
himalayabacopa,The Himalaya Drug Company
cognitexelitepregnenolone,"Quality Supplements and Vitamins, Inc"
killitmangopineapple,5 Percent Nutrition
immuni-timmunesupport,LifeSeasons
em-eukalhanf-zitronehemplemon,Dr. C. Soldan
hydroxycutblack,Iovate Health Sciences(유통사)
goldstandardpre-workoutblueberrylemonade,Optimum Nutrition
goldstandardpre-workoutfruitpunch,Optimum Nutrition
goldstandardpre-workoutgreenapple,Optimum Nutrition
alivemulti-vitamincitrusflavoredliquid,Nature's Way
nosblastpre-workoutamplifier,Healthwatchers
no.7jointsupport&comfort,Solgar
extrastrengthphosphatidylserine300mg,Now Foods
"hempseedoil30,000mg",Dr. Paul's
premiumcbdoildrops,Beliebis
"goginkgo9,000+",Go Healthy New Zealand
"springvalleyhair,skin&nails3000mcg",Walmart(유통사)
organicechinaceaplus,Traditional Medicinals
pukkaelderberry&echinacea,Pukka Herb
superthisilyn,Nature's Way
zvitalmax,Vital Male Pills(유통사)
lskcoffee,LSK Coffee
serenity,Philosophy Nutrition
nac750mg,Philosophy Nutrition
gutshield,The Drs. Wolfson
rapidketocleanse,Ptiblend
cla1000mg,Paradise Supplements
organiccoconutoil,BioSchwartz
ketobuzzrapidmaxpurecleanse,Keto Rapid Max Pure Diet(유통사)
garcinia5000,Provita Nutrition and Health
bhbketosupersalts,StorGoods(유통사)
driedbitterapricotkernels8oz,Advantage Health Matters Inc.
forti5,International Cosmeceuticals
kerotinhairgrowthformula,Kerotin(유통사)
newglohair,New Glo Hair(유통사)
"springvalleyextrastrengthhair,skin&nails5000mcgbiotin",Walmart(유통사)
naturalhairgrowthvitamins,Pure Life Solutions(유통사)
folliform1500mg,VHNUTRITION
testosterronebooster650mg,Max to Ultimate Technology Co.
ultimatefatburner,Eve Slim
multiplus,Nutripia
glucosupremeherbal,Designs for Health
"hair,skin&nailsforwomen",Bronson Laboratories
anti-gray7050,MaritzMayer Laboratories
yoyobubblejellygrape,United Foods Public Company
abcfruiteryjellylychee,Tsang Lin Industries
shjfruitycoconutjellyassortedflavor,DinDon Food Corp
pipocupjellycola,PiPo Jelly
pipocupjellystrawberry,PiPo Jelly
pipocupjellygreenapple,PiPo Jelly
pipocupjellypeach,PiPo Jelly
dindoncocojellyfruityassorted,DinDon Food Corp
jellysnack,Trenton Trading Company
abcfruiteryjellyassorted,Tsang Lin Industries
phent37,Vitamart 123
herbulgari合坡加利保健茶,Herbulgari
brainvitale,Designs for Health
adrenalcomplex,Designs for Health
glutathionebooster,Carlson Laboratories(유통사)
s-acetylglutathionesynergy,Designs for Health
radiantsleep,Olly
restfulsleep,Olly
extrastrengthsleep,Olly
kidssleep,Olly
immunitysleep,Olly
adam'ssecretextrastrength1500,AS(유통사)
sourceoflifewomenmultivitamin,Natural Organics Laboratories
sourceoflifemultivitamin,Natural Organics Laboratories
animalparadechildren'schewablemultivitamin,Natural Organics Laboratories
"tirolersilberwasserkolloidalesgoldpremium,pumpsprayandnasenspray",ÖkoNova Naturkost GmbH
tirolersilberwasserkolloidalessilbergel,ÖkoNova Naturkost GmbH
colloidalessilbernichtionisch1100ppm,fairvital b.v.
colloidalessilbernichtionisch500ppm,fairvital b.v.
5xbalance,Sini Australlia Pty Ltd
s360,Homchanosot co. Ltd
panmasala,PAN PARAG INDIA COMPANY
triplewickedplatinum,World Distributors(유통사)
thesuperpanther77k,the Super Panther(유통사)
premierzengold7000,Perfect Premier Group(유통사)
premierzenplatinum8000,Maxx Inc(유통사)
premiermaxxzenplatinum12000,Maxx Inc(유통사)
poseidonplatinum10000,Poseidon(유통사)
goldlion,Gold Lion
bluepantherextreme75k,Macazone
blackstallion9000,OJ Tech
triplesupremezenplus3500,View Life Distributors(유통사)
triplesupremezengold3500,View Life Distributors(유통사)
triplesupremezenextreme3500,View Life Distributors(유통사)
thumbsup7white11k,Limmzy(유통사)
shogun-xplatinum7000,Power Life Distributors(유통사)
rocksteady72hours,Rock Steady Ltd
redspartan3000,R-Zone
premiumorgazen7000,Nutra Vita(유통사)
imperialplatinum2000,Imperial Distributors(유통사)
imperialgold2000,Imperial Distributors(유통사)
imperialextreme2000,New Premier Group(유통사)
ginsengpower5000,GS Natural Co.
lidadaidaihuaplus,Lida USA
imperiaelitavitaccino,Imperia-Elita Ltd & Co.KG
frutabio,Toy Technology Co.
burn7,Shenzhen Longteng Yuehai Trading Co.
meromacho,FITOTERAPIA
krazynight,SUM MARKETING LLC
hotrod,Vigorgen Instant Hot Rod Loaded
burroenprimavera60000,SX Power(유통사)
3kogoldxt,Prime Health
superslim,-
catzkillparanoiabynot4pussy,BPS Pharma
autocuiseurhealthycooking(8L),Herzberg
biggerlongermoretimemoresperms(sic),Youthenjoy Trading Co.
magnumxxl50k,Magnum(유통사)
rhino8platinum80000,Rhino Male Enhancements
rhino69platinum75000,Rhino Male Enhancements
rhino69power500k,Rhino Male Enhancements
rhino96platinum77000,Rhino Male Enhancements
rhino99extreme90000,Max Power NY(유통사)
rhinozen69platinum25000,Rhinozen
u.s.aviagra,Viagra Tablets
v8superenergy,V8
bodyshapeweightlosssystem,body shape
crock-pot6-quartexpresscrockmulti-cookers,Sunbeam Products Inc.(회수사)
anodineplus,Anodine Plus
vitalzym,World Nutrition
wantong,Herbalindo SM
silipharma,SILI Pharma
extrabinahong,PJ. Padha Jaya Abadi Surabaya
xiac,Linomex
acetyll-carnitine,Doctor's Best
shredderex,Natural Chemist Nutraceuticals
censorbodytoner,Fitlife
ultrathincla2000mg,Total Nutrition
clafatburner,NutriTorch(유통사)
bhbketofuel,Silver Sage Nutrition
cla,Biotics Research Corp
bcaacapsules,Pure Organic
claslim,Earth's Creation USA
nburnultra,Delta7 GmbH
ketoburn,B&M Handels GmbH
cla1000mg,Pure Advantage
claextreme,Vox Nutrition
maximumlcarnitine1000mg,Alfa Vitamins Laboratories
garciniacambogia1300,MaritzMayer Labotatories
perfectbellysos,Guildin LLC
slimpro,Biovetia
thoraxinnewformula,BestMediaWeb Ltd
l-arginine,Pure Encapsulations
internal911,PhytAge Laboratories(유통사)
ketoapplecidervinegar1500mg,Primeindustry
prosstay,Life Enhancement Products
divi-her,ANUE BIOSCIENCE(유통사)
bcaa,Nutra Botanics
l-carnigreen,SP Nutrition(유통사)
neuromax2,MRM
l-arginine,Havasu Nutrition
axon,nooflux(유통사)
flow,nooflux(유통사))
jymshred,PHD Fitness(유통사)
braincharge,Source Naturals
optimind,AlternaScript
thinkfastbrainperformance+memory,Futurebiotics
brainawake,Irwin Naturals
memorycomplex,Natrol
neuroclarity,Boost Marketing Group
neurofuse,Neuro Fuse(유통사)
onnitalphabrain,Onnit Labs
mindlabpro,Opti-Nutra
neura-spark,Nutrachamps(유통사)
24/7weightloss,HD Nutrition(유통사)
lipocidextreme,Evogen Nutrition
theripperwatermeloncandy,Cobra Labs
apidren,NutriPharm(유통사)
trans4orm,Evlution Nutrition
lunaburnformula,R+D Body(유통사)
heatcoffee,MMUSA(유통사)
organichempseedoil,Kate Naturals
nac1000mg,Now Foods
slin,HC Pharmatech
"herbalterrasennaalexandrina,alcohol-freeliquidherbalextract",Herbal terra LLC
sennaleaves,Now Foods
kopijantantradisionalstrongmancoffee,YongFatt Vision Trading/Worldgate Vision
echinacea(echinacee),Nature's way
echinaceagoldensealpropolis,gaia herbs
echinaceacomplex450mg,Nature's bounty
echinacea1000mg,Nature's bounty
echinacea400mg,Nature's bounty
megab-stress,Solaray
sleep,Olly
loveloveset,-
royalhoneycruzevip,-
royalhoneyforhim,-
royalhoneyvip,-
livtone,LiveNat
melatoninsleep,Natrol
kopistrongmanplus,Tiada
miracleenergycoffee,Jaya Niaga Enterprise
juskesihatantradisional,Sinar Mega Sdn Bhd
kopimutiara,Iman Mutiara
kopiharimau,Max Mur Trading
kopipracampuran,WM Coffee Marketing
orange+,My Own Brand Sdn Bhd
minumankesihatan,Rimbunan Herbs
bsformula,Mylabs Formula
alphamale,LEVANGE NUTRITION
cascarasagradabark,Nature's Way
coloncleanse&detox,LADYME
adamssecret2005,AS(유통사)
newadamssecret3000,AS(유통사)
ginsengpower,GS Natural
noxitril,Noxitril
strong,Russ N Kell(유통사)
fusionxl,Fusion Brands
genesisgold,-
pearlextraallnatural,PEARL EXTRA
boomboom,Galaxy Enterprises
testerection,RENU BIO HEALTH
nuke,CORE LABS X
testxr,Rx labs
eroforce,EroPharma
prolabhornygoatweed,PRPLAB Nutrition
maxdesire,MDScience
5-htp,ARAZO NUTRITION
leanefx,FNUTRITION
melatonin3mg120,Alternative Solution
melatonin2.5mg,Alternative Solution
melatonin3mgtimedrelease,Alternative Solution
naturaltestoformula,super nutrition
vinpocetine15mg,Supersmart
mucunapruriens400mg,Supersmart
hornygoatweed,ZHOU NUTRITION
poseidon,-
sleeptonight,Enzymatic Therapy
ultimate-t,USP LABS
unicornenergy,MYTHICAL NUTRITION
unicornabs,MYTHICAL NUTRITION
fullspectrumcurcuminsleepease,Solgar
sleep3,Nature's Bounty
colonmagic,Dr.Bo's
mesomorphpinklemonade,APS nutrition
lovespell,GLAMOUR
ghmale,NATURES PLUS
recycle,PURUS LABS
nighttimedietsleepaid,HerDiet
pinkpill,HerDiet
zantrexred,Zoller Labs
gw&sr,Sarms Max
sr,Sarms Max
yk11,Sarms Max
gw,Sarms Max
mk677,Sarms Max
s-4,Sarms Max
mk2866,Sarms Max
mk2866&mk677,Sarms Max
yk11&mk677,Sarms Max
mk2866&s-4,Sarms Max
mk2866&lgd,Sarms Max
ostarinemk-2866,Pro Nutrition
gw-501516,Pro Nutrition
mk-677,Pro Nutrition
lgd-4033,Pro Nutrition
rad-140,Pro Nutrition
s4,Pro Nutrition
sarmstack,Pro Nutrition
ostastrength,Hammer Labz
ibutastrength,Hammer Labz
massldg,Hammer Labz
powershredstack,Hammer Labz
powermassstack,Hammer Labz
radstrength,Hammer Labz
shredgw,Hammer Labz
alipotec(tejocoteroot),Alipotec
poseidonplatinum3500,Poseidon(유통사)
enhance,Cognizance Nutrition Ltd
ginsengcomplex,ITECH-MEDIA LIMITED
vaalaxcapsulesgoregular,American Ayurveda
hcgalternative,BioGenetic
skintight,EHPlabs
glucomannan,Banyan Pacific
cla2000mgwith80%cla,RESURRECTED HEALTH(유통사)
cla2000mg,DR.BO
ketoadvanceformulation,Santolinas Global
z-tropin,Musclegen Research
hitschlerhitschiesbubblegumgeschmack,hitschler International GmbH
hitschlerhitschiestropicalmix,hitschler International GmbH
hitschlerhitschiesmermaidmix,hitschler International GmbH
hitschlerhitschiessauermix,hitschler International GmbH
hitschlerhitschiesoriginalmix,hitschler International GmbH
hitschlerhitschieskaubonbondrageesraspberry,hitschler International GmbH
liverrefresh,Now Foods
wonderfulhoney,Lyonsey
vitadoubleshotenergyhoneywithmaca,SUPERFOOD INTERNATIONAL SDN. BHD.
gladiatormiraclehoney,The GLADIATO
krazynight,SUM MARKETING LLC.
shogun-x,POWER LIFE
fusionmax,White fusion Max
newthumbsup7blue69k,Limmzy LLC
blackkingredlips,A&D Health LLC
rocksteady,ROCK STEADY LLC
thumbsup7black25K,Limmzy LLC
thumbsup7red70k,Limmzy LLC
supremezengold4500,New Premier Group
originalblackedition,Dragon Original
69modeblue,T.B.T LLC
sustain,VSD Productions Inc.
manpowerenergycoffeewithpremiumherb,Botanix LLC
69modered69,T.B.T LLC
femaleenhancementpills,VIP Vitamins
senokot,Aviro Health L.P.
"あしらく(아시라쿠,ashiraku)",カンインダストゥリース株式会社(칸인더스투리스 주식회사)
touchmee,WELGO LABORATORY 3/88 Muang Chonburi
noxplodefruitpunch,Bio-Engineered Supplements&Nutrition
killitreloaded,5 Percent Nutrition
outliftamped,Nutrex Research
killitblueraspberry,5 Percent Nutrition
pre-fuelmaxlemonandlime,Football Fuel
bcaasmusclestrength&recoverypeachmango,Snap Supplements(유통사)
elevacityelevatesmartcoffee,Elevacity
cheatmeals,HFL
fullspectrumavenasativa,Swanson Health Products(유통사)
garciniacambogia&coconutoil500mg,Puritan's Pride
clamyoleptin1500mg,Puritan's Pride
macaextract1000mg,Puritan's Pride
ketoone,D1Naturals(유통사)
chromaxchromiumpicolinate,Vitamin Shoppe(유통사)
f-burn,Power Supps GmbH
beetroot,Herbamama LLC
ketoenergysalts,Natural Athlete(유통사)
nitromaxwithglutamine,Anabol Naturals
creatine,Anabol Naturals
carvewaterloss,Formutech Nutrition
tribulusterrestris,Nutrakey
keto6x,Fast Burn Keto Diet Pills(유통사)
forskolin,RapidTrimUltra
muffinstop,Purity Products
applecidervinegardietplan,Piping Rock Health Products
ultimateclathermogenicscomplex1630mg,Piping Rock Health Products
cleanmctcapsules,LevelUP International
ketoburn,Livepernature(유통사)
ketobodylife,LifeCoreVitality(유통사)
cla3000,Futurebiotics
slimu,Slim U(유통사)
ketozonemctoilsoftgels,Divine Health
quadraleannon-stim,RSP Nutrition(유통사)
protrimplus,Legere Pharmaceuticals
ketogeniks,Better Health Now(유통사)
mdriveworkforceenergy,Dream Brands(유통사)
weightlossdaily,DailyGoods(유통사)
pureclinoptilolitezeolitepowder,Pinnacle of Wellness
quadraleanthermo,RSP Nutrition(유통사)
claone,Nutraone Nutrition
chocofit,Body Perfector Resources
cococurv,-
zazasilver,ZAZA
zazared,ZAZA
tianaawhite,TIANAA
tianaared,TIANAA
pipocupjellysweetmixedfruit,Pipo brand
ultraomega-3,Now Foods
lutein,Now Foods
bhbcapsules,Evo Elite(유통사)
maca500mg,INDIANA BOTANIC GARDENS
ketocore,Talkers
brownseaweedplus500mg,Piping Rock Health Products
beetroot,Herbify Nutrition
whitekidneybeancarbblocker6000mg,Horbaach Manufacturing
saffronextractwithforskolin,Bioprosper Labs
toneraspberrylemonade,BLACK MARKET LABS
pregoldcherrylimeade,Ultimate Nutrition
niteburn,Bpi
anabolicgh,Physique Nutrition
hornygoatweedplus,ONLY NATURAL
cutsfruitpunch,BLACK MARKET LABS
cerebromed,Herbasante
hypercut,MUSCLE MAX
flame,MUSCLE MAX
w7,ROCKSTAR
skinnydream,ANGRY SUPPLEMENTS LLC.
prunesennaconcentrate,MASON NATURAL
chewablehairvitamins,HairBurst
"greenpansimmerliteovaldutchoven(5.5Q,6.5Q)",Cookware Company
"greenpansimmerlitedutchovenswithlid(blackmetallic,smokeyskyblue/3.5Q,4.5Q,5.5Q,7Q)",Cookware Company
natureslim+,US MARIPOSA(유통사)
hcg1234,Creative Bioscience
yuki&lovepeachjelly,SAN SHU GONG Food Co
yuki&lovelitchijelly,SAN SHU GONG Food Co
yuki&lovemangojelly,SAN SHU GONG Food Co
minithin,DBI DISTRIBUTION
anti-age,GLAMOUR NUTRITION
7-selectyogurtpretzels(5oz),"Mount Franklin Foods, LLC dba Azar Nut Company"
primulacheesespreadwithchive,Primula Ltd
primulacheesespreadwithjalapeno,Primula Ltd
primulaplainoriginalcheesespread,Primula Ltd
geniusdietpills,Genius Brand
engnpre-workoutfuriosgrape,Evlution Nutrition
supersleep,Webber Naturals
orthosleep,AOR
sleepsmart,Lorna Vanderhaeghe
tranquilsleep,Natural Factors
ginkgosmartmaximumfocus&memory,Irwin Naturals
lipopowernite,WELLSTON
anabolicsleep,GNC
c4ultimatebluerazz,Cellucor
menopausesupport,Now Foods
heatfatburnerforher,bucked up
drinksleepgrowlemonlime,RICH PIANA 5%
halodrol,HI-TECH PHARMACEUTICALS
p6pm,CELLUCOR
geniusjoy,Genius Brand
flaxoil1000mghighlignan,Now Foods
bimbosanbio-2,BIMBOSAN
bimbosanbio-hosana,BIMBOSAN
abcfruiteryjellyassortedbag,TSANG LIN INDUSTRIES CORP
fristi,Friesland Campina Belgium
superslimgreenleanbody,Pillshack
heat,bucked up
steel-libido,IRWIN
parapurge,CRYSTAL STAR
colonherbalcleanser,MASON NATURAL
testosteronerush,Giant Health Benefits(유통사)
ダイチチカラ(다이츠카),小林株式会社(소림주식회사)
dualbiactived-tox,Guildin(유통사)
titanicextratime,SUN INDIA PHARMACY (P) LTD.
santiniubianbodonglijiaonang(三體牛鞭勃動力膠囊),"Guangzhou Xuanjie Trading Co., Ltd"
deepdetox,Netxset(유통사)
nitricrete,Chizled Labz
kavaroot,GAIA HERBS
yeahbuddy,RONNIE COLEMAN
calmingformula,SUPERIOR SOURCE
bigboygoldenxxl,Cobeco
tummy&bodyfatreducingtea,Changzhou Kakoo Tea Foodstuff
memorycomplex,Trunature
focusfactor,Factor Nutrition Lab
deepsleep,MUSCLE MAX
genius,HC PHARMATECH
leanfx,ATHLETIC XTREME
fitmissz-slimpm,Muscle Pharm
multi-fibercoloncleanse,Nature's Secret
mentalfocus+mood,ORB
7-daycleanse,Purely Inspired
noxitropinpm,CTD Sports
oldjack,GENONE
ultrisinehardcore,MHP
motilityboostformen,Fairhaven Health
countboostformen,Fairhaven Health
naturalcurves,Biotech
kisekiteadetoxfusiondrink,NatLa Global
womanenergycaps,Hot Productions Vertrieb
sgirlshou(獨家減脂膠囊),-
heijingang(德国黑金刚),LiLong 力龙生物制品公司 (리룽 생물제품공사)
effectsofviagra(特效伟哥),-
weili(伟力),QiWei 奇伟医药保健品有限公司 (치웨이 의약보건품유한공사)
impactragold,Bio-Tech USA(유통사)
slimmetabol,Zuccari
penimax,Cobeco Pharma
boispourbander,RUF
womanexxtremelibido+,Hot Productions Vertrieb
mr.bigformen,Cobeco Pharma
mucuna,ANIMA MUNDI
moodlift,Nested
serotonin,QOL LABS
tonecomplex,NUTRA KEY
synthalean,AXIS LABS
synadrene,Hi-Tech Pharmaceuticals
coloncleanse,21st century Health care
rainforestimmunity,ANIMA MUNDI
rise,Outbreak(유통사)
dream,ANIMA MUNDI
dreamtea,ANIMA MUNDI
euphoria,ANIMA MUNDI
berryjagachewablecandy,Bio Synergy Laboratories
kopijantanalimacca,-
slimme,Nova Pack(유통사)
bikinime,Nova Pack(유통사)
blackpanther#1,SX Power Co(유통사)
rhinosuperlonglasting200k,Rhino X(유통사)
rippedfreakhybridfatburner,PharmFreak Sciences
rippedfreakhybridsupplement,PharmFreak Sciences
soothingthroatspray,Herb Pharm
freakyfitz,Co Tijari Fit Trading
ricalinu,Ricalinu
shenqidanbainiancaoyao(神奇丹百年草药),-
rhino25platinum25000,Rhino 25(유통사)
"spanishfly20,000",Spanish Fly(유통사)
jaguar30000,-
xpantherpremium,SX Power Co(유통사)
"spanishfly22,000",Spanish Fly(유통사)
shark5k,SX Power Co(유통사)
yohimbehcl,-
cattlecapsule,위생부 중국 의료보건 국제교류촉진회
精刚壮增大丸(정강장증대환),-
candyb+complex,California Pure
u.tvibrancetablet,Vibrant Health
u.tvibrancepowder,Vibrant Health
performancepluscapsules,TW Trade(회수사)
xxlant3000,MSH Distribution(유통사)
whitepanther,SX Power Co(유통사)
vigarx,-
rhino7platinum5000,Rhino
lollipop,-
vipgorhinogold69k,-
triplegreen,-
rhino,-
reserection(blister),-
alienpowerplatinum11000,-
vipgoldenroyalhoney,-
impactra,Gold Tree Pte(유통사)
tianmatuchungsevenleaveginseng,-
orgazengold5800,Nutra Vita Co(유통사)
alpha-male,-
xxxplatinumwoodie,Platinum Woodie(유통사)
rmflex,Asesoria y Desarrollo de Productos Naturistas SA
hitschlerhitschiesmermaidedition/dasoriginal/mitfruchtsaft,hitschler International GmbH
mieldusoudanaphrodisiaque,-
gouttesd'amour,-
balance,Alani Nutrition(유통사)
tawonliar,PT.MAJU JAYA BERSAMA
u-dreamfullnight,Biotrade Canada Ltd
u-dreamlite,Biotrade Canada Ltd
supremetestosteronebooster,T-Boost Pharm Ltd
colonew,BioSource Labs
leptindetox,Power by Naturals
rodeofantasy,SX Power CO
grassfedcollagenpeptidesunflavored,Garden of Life(유통사)
複合系ダイエットサプリメント(복합계다이어트보조제),株式会社オーガランド(주식회사 오우거 랜드)
melatonin10mg,member's mark
melatonin5mg,member's mark
7-keto100mg,Healthy Origins
7-keto100mg,Now Foods
7-ketodheametabolite,Enzymatic Therapy
7-ketodheametabolite100mg,LifeExtension
greenteafatmetabolizer,Irwin Naturals
apollo'shegemonyyohimbine,APOLLOS HEGEMONY
stimuloid,GOLIATH
hornygoatweedextract,Body first
cocodrene25,cloma pharma
diabloshyperburnv10,innovative Laboraatories
methyldrene25,cloma pharma
memememeow,-
bilberryginkgoeyebrightcomplexpluslutein,Solgar
choleslo,HFL
thyrolan,Promatrix
stimu-up,PHP Edge
octosyne,MVP Biotech
adonis,Promatrix
naturaldiettealemonandlimetaste,Magnit Enterprise Inc
digest-flowdietaryfibrecomplex,Troo Health Care
yohimbinehci,PrimaForce
yohimbinehci,Man Sports
myo-tko,Savage Line Labs
myo-sta,Savage Line Labs
myo-hgh,Savage Line Labs
myo-card,Savage Line Labs
yohimbine+rauwolscine,HBS International
valentusslimroastoptimumdarkroastcoffee,Valentus
chudietarysupplementproduct,CHU Thaiherbal
hotflash,Source Naturals
transitions,Pure Essence
cardioigniter,TOP SECRET NUTRITION
wicked,INNOVATIVE
lipopower,WELLSTON
lipotox,WELLSTON
herbviagra,Hongkong JinGongFu
naturalherbscoffee,YongFatt Vision Trading
naturiniapplestemcelfibersol,Maju Primus
xtremeshockelite,ANSI Nutrition
c4extremeenergy,Nutrabolt
sgoldcoffee,-
banku-mix,Praise
lowerbowelformula,Whole world Botanicals
aloemaxlaxwithcascarasagrada,Nature's way Brands
fiberplussennacaps,Yerba Prima&Essentials
bloodpressure,Triple Leaf&Essentials
whole-woman,Paradise Herbs&Essentials
adrenaplex,EuroPharma
testosteronebooster,Olympian Labs
Innerbeauty-detoxcleanse,TERRA ORIGIN
powertosleeppm,Irwin Naturals
revitalizingsleepformula,Enzymatic Therapy
focusforchildren,Solarary
testrolgoldes,GAT Sport
sleepoptimizer,Jarrow Formulas
vaporpre-workout,Health Science USA
col-flush,Troo Health Care
bodycleanse7daydetox,Good Health Products
greenlumber,Green Lumber
rolandredcaviarwholegrainlumpfish,Roland Foods LLC
rolandblackcaviarwholegrainlumpfish,Roland Foods LLC
angleseyseasalt,Pipers Crisps Ltd
arthremjointsupportcapsules,Promisia Australia Pty(회수사)
doralifesultan'spastegoldseries,Dora Doğal Ürünler Gıda San. ve Dış Tic. Ltd. Şti
kangarooultra3000,-
poseidonplatinum,-
stiffrock,-
rittersportkaffeesplitter,Ritter Sport
l-argininenitricoxideblaster,Legacy Nutra
jaderaplus,Jaderausa
marthawhiteglutenfreesweetcornbreadmuffin,Hometown Food Company
catuaba,-
obatdietdokter,-
communitycoblackpeppercorngrinder,Metcash(회수사)
communitycopinkhimalayansaltgrinder,Metcash(회수사)
communitycoseasaltgrinder,Metcash(회수사)
mdhsambharmasala,R-Pure Agro Specialities
fussioncaps,Salud da Bienestar
mtor-rx,Enhanced Athlete
diges-teasherbaltea,Mountain Mel's Essential Goods
peacefulbabyherbaltea,Mountain Mel's Essential Goods
milklady'stea,Mountain Mel's Essential Goods
contigokidscleanablewaterbottles,Kings Flair Development Ltd
claextreme,Puritan's Pride
happycamper,Natural Balance
anxiousmoment,Herb pharm
anxietysoother,Herb pharm
pipermethysticumkava,Life seasons
anxie-tstresssupport,Life seasons
musclerelaxer,Healthy Healing enterises
fadeout,Health Science
musclebuilderpm,Cin Dura
thermogenicblast,Midway Labs
noxipro,CTD Sports
nitraflex+c,GAT Sport
g-curveforwoman,OPTI Natural
hornygoatweed,California products
malelibido,"Gaia Herbs, Inc"
5-htp,KRK Supplements
magnesiumcompletesleep,Vitaco Health(NZ) LTD
smoothmovepeppermint,Traditional
thermogenicfatburner,Forcrush Formulas
colloidalsilvergoldplatinumbycolloidalsolutions,Scoop & Save Natural Health Foods(회수사)
colloidalsilverbycolloidalsolutions,Scoop & Save Natural Health Foods(회수사)
colloidalgoldbycolloidalsolutions,Scoop & Save Natural Health Foods(회수사)
colloidalcopperbycolloidalsolutions,Scoop & Save Natural Health Foods(회수사)
frutaplanta,netnutri
yellowdevils,netnutri
cla2k,Forzagen International
steelcore,SteelFot
organicformula1,Microbe Formulas
clamd,CLA MD
leptinal,Wellness Resources
ketolifestyler,Keto Lifestyler
recharge24am,Human Optimization Labs
claforte1500mg,Nugema Research
epimedyumlubitkiselkarisimlimacun,THEMRA
niagrax,Ultra Health
hebtacoseasoningmix25%lesssodium,"CH Guenther&Sons,Inc(회수사)"
williamsoriginalchiliseasoning,"CH Guenther&Sons,Inc(회수사)"
greatvaluemildtacoseasoning,"CH Guenther&Sons,Inc(회수사)"
africablackant,"Xizang Jin Shengli Health products Co.,Ltd"
papaya&fiber,"Huaifang Xinfeng Health Products Co, Ltd of German Aisiyuan Bio tech Group Co, Ltd"
orange&fiber,"Huaifang Xinfeng Health Products Co, Ltd of German Aisiyuan Bio tech Group Co, Ltd"
pineapple&fiber,"Huaifang Xinfeng Health Products Co, Ltd of German Aisiyuan Bio tech Group Co, Ltd"
limidaxxr,Vitus Laboratories(유통사)
megadrolmuscleenhancer,Megadrol(유통사)
乳酸菌ショコラカカオ70(유산균쇼콜라카카오70),Lotte
ポリフェノールショコラ<カカオ70%>(폴리페놀쇼콜라<카카오70%>),Lotte
purtierplacenta,RIWAY (SINGAPORE) PTE LTD
マカマウンテン(마카마운틴),トータルビューティーデザイン(토탈뷰티디자인)
godetox,"MAT XI S.G Co,.LTD"
nighttimefatburner,Havasu Nutrition
kavaroot,OREGON’S WILD HARVEST
kavakavaroot,"Gaia Herbs, Inc."
kava-6,Nature's Answer
mellowtonin,Jarrow formulas
oxyburn,STRONGLIFE COMPANY
smoothmove,Traditional
newmood,Onnit Labs
7-ketodhea,Jarrow formulas
malerejuvenator,Xtendlife
7-ketodhea,"Bio nutrition, Inc"
highermind,Source Naturals
m-test,Competitive Edge Labs
activatorfx,Good Health
bestfactordetonatorpre-workoutstrawberry,American Natural Products
"highpotencyvitamind-35,000iu",Now Foods
vigour800,Weile
relora300mg,Now Foods
lungformula,Kroeger Herb
cleansingformula,GNC
melatonin10mgmaximumstrength,Natrol
dhea25,Life Extension
z-pm,Muscle Pharm
testrol,GAT
cascarasagrada500mg,GNC
trim-vnootropicpoweredfatburner,Gel-V
superhdxtremeweightloss,Nutrabolt
bloodsugarsupport,Arazo Nutrition
sinushelper,Swanson
dexiburn,NVE Pharmaceuticals
omega-3slimextrawomen,Healthy Directions
keto1200mgburnfatasfuel,Viking Revolution
carbblocker+,PALO Nutrition
censor,FitLife Brands Inc
l-arginine1000mg,Puritan's Pride
kavakavaliquidphyto-caps,Gaia Herbs Inc
kavakavaextract,NOW FOODS
kava,"SOURCE NATURALS, INC."
echinacea&vitaminC,GNC
melatonin1mg,GNC
goldensealroot,GNC
leanefx,FORMUTECH
3xtpumppineapplemango,USN
lipodreneelite,HI-TECH PHARMACEUTICALS
hypercuts,CTD LABS
alpha-t,ETERNAL LABS
a-xrpct,VMI
androdiol,HI-TECH PHARMACEUTICALS
ereforce,MIDWAY LABS
bulasterone,HI-TECH PHARMACEUTICALS
outliftconcentrate,NUTREX
numedicaimmunoprpspray,NuMedica
pureresearchproductsdpsthroatspray,Pure Research Products
sovereignlaboratoriesviralox,Sovereign Laboratories
lay’slightlysaltedbarbecueflavoredpotatochips,Lay’s
grassfedbeefliver,"ANCESTRAL SUPPLEMENTS, LLC"
senna(センナ),山本漢方製薬株式会社(야마모토한방제약주식회사)
biao,anthawin
hoasamdatplus,Cong Ty TNHH San Xuat Va Thuong Mai Hoang Zn
cenly,CONG TY TNHH CENLY ORGANIC
hoasamdat,Cong Ty TNHH San Xuat Va Thuong Mai Hoang Zn
traslimcuonganh,CONG TY TNHH SX TM DV CUONG ANH AUTHENTIC
trimuprevealthenewyou,TrimUp
africanmangoultra,Thrive Now Health
citrusleanfatburner18,The Balance Diet Company
jeongungpu(真功夫),靑海宏威生物工程公司(칭하이웅웨이바이오공정공사)
boosterplushoneydrink,-
periwinkle900mg,naturetition supplements
periwinkle900mg,-
periwinkle,Herb Pharm
periwinkle,Nature’s Answer
periwinkle(vincaminor),-
periwinkle(vincaminor),HAWAII PHARM LLC
vinpocetine30mg,BoostCeuticals
vinpocetine30mg,We Like Vitamins
vinpocetine20mg,Pure Encapsulations
vinpocetine10mg,Best Naturals
10mgvinpocetine,SISU
ginkgowithvinpocetine,Swanson Superior Herbs
vinpocetine5mg,Jarrow Formulas
terravita,TerraVita
vinpocetine,Jarrow Formulas
transformationweightdietdrops,BSkinny Global
"idealcbdhempoilsoftgel,750mgcbd,lessthan0.3%thc,30softgels",Barlean's
"idealcbdhempoilsoftgel,900mgcbd,lessthan0.3%thc,60softgels",Barlean's
omegaman120softgels,Barlean's
essentialwoman60softgels,Barlean's
essentialwoman120softgels,Barlean's
masterblendtotalomega3.6.9lemonadeflavor90softgels,Barlean's
oliveleafcomplex60softgels,Barlean's
oliveleafcomplex120softgels,Barlean's
fishoilomega-3epa/dhaorangeflavor250softgels,Barlean's
fishoilomega-3epa/dhaorangeflavor100softgels,Barlean's
ultraepa-dhafishoil1300mgomega-3orangeflavor60softgels,Barlean's
ultraepafishoil1250mgomega-360softgels,Barlean's
lignanflaxoil250softgels,Barlean's
codliveroilomega3epa/dhawithaddedvitamind100softgels,Barlean's
awakengold,Awakened Alchemy
ultrapreventivex,Douglas laboratories
thebeastcapsules,"STIFF BOY, LLC"
titanium4000capsules,D.B.P. Distribution
qaminoacids,Quintessential Biosciences
hydrolyzedcollagen+vitaminc,California Gold Nutrition
lona,NESTED NATURALS INC.
lifeextensionmixtablets,Life Extension
uricare,Himalaya
cuts,Universal Nutrition
m-stak,Universal Nutrition
bioslim,Sun Ming Medicine
magnumxxlcapsules9800,Magnum
magnumxxlcapsules25k,Magnum
magnumxxlcapsules200k,Magnum
soomchocolatesweettahinihalvaspread30mlsqueezepack,Xela Pack
arvocoffee,-
ziptea+greenteahealthybodydetox,MJM Synergy Corp
ophio,-
nyc,-
naturalherbscoffee,Syed Fadil AI Yahya
koisuru-supplement,-
naturalherbcoffee,-
philander,小林株式会社(소림주식회사)
yahoasi,小林株式会社(소림주식회사)
recharge24pm,Human Optimization Labs
vocativcapsulas,ALCADRID INVERSIONES SL
greentea1500,Vitamorph Labs
premiumgreentea+ketodetox,Nobi Nutrition
colonax,Colonax
maculapf,Jarrow Formulas
oleamito1530,有限会社コレアコマース(유한회사코리아커머스)
tetrogennight,9Biotec Corp
vy&tea,HAVYCO
goleandetox,Golean Detox Enterprise
kellettfilms,-
hamerginseng&coffee,Hamer
susuya,-
idolslimcoffee,-
robustextreme,A.T.C. Health Care
robust,A.T.C. Health Care
u.s.ablackgold,-
cialis,-
naturalv=gra,Natural Supply
goldenant,Sun Biological Engineering Corporation
instinctbestsexualenjoyment,Taiwan Hengtai Biological Technology
yonggang,-
redstallionextrastrong,-
nectardelamor,-
ultrafit,-
slimmerextremethermogenicformula,-
hammerofthor850mgcapsule,-
jamucaissarrajaobatkuatkapsul,PJ.Sinar Bulan
montalinjamupegallinudanasamuratkapsul,PJ.Air Madu
uratsarafkapsul,Produk Industri Kampung
panasilver,Activation Products Canada Inc
shengjingpian(生精片),-
superslimsoftgel,-
naturalherbscoffee,Bestherbs Coffee LLC
canislim,JP Natural Cosmetic
maxslim7days,JP Natural Cosmetic
7daysslimhip&legs,JP Natural Cosmetic
superslimmingherb,JP Natural Cosmetic
lishouslimmingcoffee,-
detoxislim,JP Natural Cosmetic
vitaligenixt10,lovate Health Sciences
oxyleanelite,GenOne Laboratories
100%purecreatinemonohydrate,Vitamin shoppe
cla2000,Maikai LLC
tonic,Magnum Nutraceuticals
carnediem,Magnum Nutraceuticals
leanjuice,Betancourt Sports Nutrition
muscle,dub nutrition
cla1250mg,LuckyVitamin
bloat-away,Irwin Naturals
peruvianmaca,NutraPure
sheerblock,Sheer Strength Labs
dustextreme,-
sarmcentergw-1516,-
sarmcenterlgd-4033,-
sarmcentermk-677,-
sarmcenterrad-140,-
sarmcenterostarine,-
sarmcenterandarine,-
sarmcentersr-9009,-
stimul-8,-
bestnutritionproductsdiabotica500mgcapsules,-
xxsxtraxtrasmall,-
willygowild,-
carbitrex,Biotek Nutrition
dhea50mg,Puritans Pride
dhea50mg,Best Naturals
dhea-5,Integrative Therapeutics
dhea25mg,MRM
dheacomplex,Country Life
sup3r-77-ketoinrevolutionarypharmace,-
7-keto25mg,Now Foods
dhea-10,Natures Plus
davincilaboratoriesofvermentdhea10mg,-
dhea10,Jarrow Formulas
sundownnaturalsdhea,-
dhea100mg,EBYSU
naturalmadesleep,-
pxproxanthine,-
fatfree,-
thermoblendnon-stimulating,NatureWise
thermoblendthermogenic,NatureWise
motiv-8skinnysleep,-
sleepwell,-
boostforher,-
dheacomplexforwomen,Country Life
dheacomplexformen,Country Life
youthfulyoudhea,-
lifeextensiondhea50mg,LifeExtension
liprodietarycapsules,-
herbasarafcapsules,-
slimtrimgoldcapsules,-
nutraorganicsgreenteaextractcapsules,-
blackantkingtablets,-
jaderamax+capsules,-
help100%&purenatural&bodyslimcapsules,-
rhino69extreme50000capsules,-
redzonextreme3000capsules,-
papapa,-
goldviagra9800mgcapsules,-
viagro500mgmaleenhancementcapsules,-
lida(plus)capsules,-
hornylittledevil,-
blacklionpill,-
vegetalvigracapsules,-
woodwrecker,-
kor,-
ecaelite,-
e1energy,-
jetfueloriginal,-
dragonvenom,-
dnpx,-
cobrastrike,-
cobra6p,-
carnigen+lipocide,-
blackvipers,-
blackspider25,Cloma Pharma Laboratories
asiablack,-
arsyn,-
androshred,-
dheaformen,-
7-keto,-
vita-x,-
j-up,-
insanecutz,Insane Labz
mr.hydenitrox,-
psychoticinfusedpre-workout(jarandsachet),Insane Labz
schizo,Insane Labz
pharmalegalkrackedout,-
primenutritionyohimbine,-
shredmatrixdope,-
iamgod,Insane Labz
alien2power(platinum11000),-
blackpanther,-
superpanther,-
allnitelong,-
mosocafe,-
manson,Insane Labz
psychoticgold,Insane Labz
sidewalkkraka,-
redrum,Insane Labz
totalwar,Redcon1 Supplements
1mr,BPI Sports
5150,Rich Piana 5% Nutrition
insanity,American Sportz Nutrition
yohimbe,American Sportz Nutrition
c4original(180g),Nutrabolt
c4original(360g),Nutrabolt
nitraflex,GAT
hyde,Pro Supps
psychotic,Insane Labz
whiplash,Nubreed Nutrition
reactr,REPP Sports
universalghstack,Universal Nutrition
7K,-
3800hardrock,MSH Distribution
blackdragonextreme15k,Veloxis Healthcare
blackmamba7000,Veloxis Healthcare
blackpanthergold30k,-
blackstallionplatinum30k,-
crazyrhinopremium50k,-
ginsengred2000,-
premiumpropower3500,New Premier Group
premiumxpulse2000,New Premier Group
premierzenextreme3000red,New Premier Group
premierzengold4000,New Premier Group
premierzenblack5000,New Premier Group
premierzenplatinum5000,New Premier Group
rhino8extreme,-
rhino25extreme15k,-
stiffrox,steele products
thunderbulltriplemaximum,SX Power CO
promatrixyohim-bactive,-
mctoil1000mg,NutraPure
platinum100%l-carnitine,MuscleTech
applecidervinegar,Hidden Nature
prostatehealth,Now Foods
carnitall,Jarrow Formulas
candidacomplex,NorthField Health
l-carnitine500mg,MEEKA Nutrition(유통사)
nobulll-carnitinecapsules,Raw Barrel
cla1000mg,MEEKA Nutrition
hermct,Keto For Her
applecidervinegarwithspirulina&kelp,Zenwise Health
acaiberry,Tevare
prostateoptimizer,Jarrow Formulas
viking8,VIKING
level2superthermogenicpowder,FORMUTECH
plasmajet,GASPSRI NUTRITION
fiercewithtdrive,SAN
shattersx-7revolution,MUSCLE TECH
zantrex-3highenergyfatburner,Zoller Labs
isatestgf,Isatori Global
shred:pm,ETERNAL LABS
shredx,ETERNAL LABS
warfare,ETERNAL LABS
properformance351mgzincmagnesium,GNC
thecleaner7daysmensformula,Century System
takeofffatburner,MHP
phenrxpm,NexGen
z-corepm,Muscle Pharm
sleepcomplex,ORB
burnfatburner,Physique Nutrition
hghsurge,Source Naturals
ghfreak,Pharma Freak (SAGA Sciences)
dhea,NutraKey
tri-sleep,GNC
bluegrowth,Controlled Labs
beta-stim,Ronnie Coleman
knockedthefuckout,Rich Piana
sstv2x,PERFORMIX
stimfree,PERFORMIX
endorush,BSN
5150,5 PERCENT
3xtpump,USN
50caliberpre-workout,GRENADE
hellfire,INNOVATIVE LABORATORIES
appetitecontrolwithmoodsupport,Brighter Day
dhea25,Jarrow Formulas
relacoredeepsleep,CRC
30nightdiet,Creative Bioscience
herdietnighttimedietsleepaid,HerDiet
recoverypm,MHP
b4thermogenic,BPI Sports
sennaleafextract125mg,GNC
melatonin,SOLGAR
5-htp,Natrol
anadrox,MHP
golean,"MAT XI S.G Co,.LTD"
goleandetox,"MAT XI S.G Co,.LTD"
baschiquickslimmingcapsule,"Taiwan Nuomeixiu Cosmetic & Beauty Co., Ltd"
garcinianrg,Innovex Nutrition
ketogenadvancedweightloss,KETOGEN
t-bomb3xtreme,Maximum Human Performance
thintowin,GOAL Brands
ageloss,Natural Organics Laboratories
fiberprotein&chiamixpowderstrawberry,Selective Distributors
fierymaleardeuraumasculin,Life Choice
mctoil,NOW FOODS
greencoffeebean,Waist Away
d-ribose,vitacost
l-carnitinefumarate,vitacost
tonalinxs-cla,vitacost
bcaas,vitacost
thyroidsupportwithiodine,Nature's Wellness Market
ab-toner,HELIX nutrition
phase2carbcontroller,"Vitamin Shoppe,Inc"
garciniacambogiaextract,"Vitamin Shoppe,Inc"
ketoweightloss,BPI Health
purecla,Waist Away
superdieter'steatropicalfruit,laci le beau(유통사)
ketoburn,sheer strength labs
thymvital,biosyn arzneimittel gmbh
revil,drinkwel
essiactiveteacapsules,zazzee naturals
naturalherbs,badia spices
r1trainbcaasicygrape,nutrivo
dailydetox,optimal effects
r1trainbcaasfruitpunch,nutrivo
aminobalance,anabol naturals
wateraway,zhou nutrition
r1trainbcaasblueraspberry,nutrivo
aminoacid1000mg,vitalabs
hdrazor,nutrabolt
megadren,jm labs
watershed,absolute nutrition
less-stressweightsupport,irwin naturals
aminoathlete,source naturals
doubledragonpills,peiping tai yuet tong medicine manufactory
rawteapeach,naturalforce nutrition
achieved,Stay N Good Shape
heraminosorangecreamsicle,next level athletics
livinggreenliquid-gelmulti,irwin naturals
heraminoswatermelon,next level athletics
herbalwaterpill,solgar
heraminosdragonpunch,next level athletics
mdriveeliteperformance,dreambrands
trim-maxxherbaldieter'steaformenandwomencinnamon,body breakthrough inc
trim-maxxherbaldieter'steaformenandwomenginseng,body breakthrough inc
noxitest,ctd sports
purepump,do vitamins
shredmax,primex
pxultra,finaflex
stayingpowerextreme,ray of hope llc
dim-plus,nature's way
shadow-xlemonzero,natural alternatives international
maxspark,aspen biolabs
trim-maxxherbaldieter'steaformenandwomencran-blueberry,body breakthrough inc
skinnygal,rockstar llc
troxyphen,truderma llc
lineaslimmetabolismactivator,apax usa
bioxgenicpowerfinish,md science lab
divafatburner,hit supplements
glutalipo12-in-1whitening&slimmingjuice,-
美妙瘦純減肥膠囊,廣東美妙瘦生物科技有限公司
麗瘦®茯苓膠囊,雲南百安醫藥科技有限公司
一炮到天亮,-
supersoniiccapsules,-
redanttablets,-
maximumpowerful(baiweiusa)tablets,-
lishoufulingjiaonangcapsules,-
jimpnessbeautyfatlosscapsules,-
hardrodpluscapsules,-
beautifulloseweightgold30capsules,-
tiger5000,-
qibianli,-
newstiffnightsplatinum10k,-
menxtrong,-
frutaplantalife(garciniacambogiapremium),fruta planta life
bluepearlallnaturalmaleenhancement,-
bluediamondpill,-
adipessummiracleslimmingcapsules,-
rawtea,naturalforce nutrition
upliftguavapassion,nla for her
r-pct,repp sports
raze,repp sports
hercleanse,next level athletics
longjaxmhtwitharginine,vitamin shoppe
vitalikorforce,vitalikor
vitalikor,vitalikor
antlertest,nutrakeyhealth
abouttimeaminohydratepluswatermelonlime,sdc nutrition
semenoid,male fx labs
gourmetsexchocolate,sextz
ultraslimfx,vitacost
bareaminostropicalorange,etb
pyrostim7in1,fitlife brands
erectigen,extreme nutrition
iscreamloud,vitamin city
pumppills,do vitamins
bioxgenicclimax,md science lab
rule1lean5,"nutrivo, llc"
kavastressrelief,"east west tea company,llc"
hypershred,BSN
puerariamirifica,nature's answer
testoultra,-
trim-maxxherbaldieter'steaformenandwomenorange,BODY BREAKTHROUGH INC. (유통사)
trim-maxxherbaldieter'steaformenandwomenlemon,BODY BREAKTHROUGH INC. (유통사)
nitricoxide,NutraFX  Sports Nutrition
phentraburnslimmingcapsules,-
magicslimtea,-
magicslimweightreductioncapsule,-
p57hoodia,-
lishou,Yunnan Bai’an Medicinal Science & Technology Co. Ltd.
leisure18slimmingcoffee,-
advancedslim5,-
slim100%naturalslimmingcapsule,-
slenderslim11,-
jadera100%naturalweightlosssupplement,-
애상미,-
ginsengkianpipil,HFM
testorx,HighEnergy Labs
shotgun5x,VPX
beautifullegs,Reserveage Organics
leanresult,Biochem
insanity,NUBREED NUTRITION INC
cockstarformen,-
roxyweightloss,-
performixsst,-
superhornygoatweed,-
bio-hard,-
enzyte24／7,-
testosterolemaximum,-
l-argicor,-
solid,BPI Sports
in-joy,Redd Remedies
dnpxpowderbluerazz,-
mr.hydefruitpunch,-
metabospeedx,-
viperhyperdrive5.0,-
legionphoenixfatburner,-
hardtimesformen,-
cannibalferoxamped,Chaos and Pain
infrared,Gold Star
2-aminoisoheptane,Chaos and Pain
simplyskinnypollen,Bee Fit with Trish
triplex,Gold Star
gameday,MAN Sports
apifast,Vitamart123
maleejaculationdelaycapsulesoftraditionalchinesemedicinesformula,-
vpluscapsulesoftraditionalchinesemedicinestocureed,-
tcmcapsulesofnaturalplantextracttoimprovemanssexuality,-
capsulesofnaturalherbalingredientstocureedandpe,-
capsulesofnaturalingredientsextracttoincreasemalelibido,-
libidoenhancingcapsulesformen,-
menscapsulesofdelayingprematureejaculationandcuringerectiledysfunction,-
capsulesofnaturalplantvia-gra,-
capsulesoftcmpowderoflibidoenhancer,-
capsulestoincreasemalehormonelevel,-
naturalorganicherbalcapsulestoenhancemalesexuality,-
plantvia-gracapsulesoftraditionalchinesemedicines,-
capsulesoforganicherbalmedicinestohelpmenserection,-
pro-erectioncapsulesformenwithallnaturalherbalingredients,-
naturalplantcapulesformentogetarousalstimulation,-
naturalvia-gracapsulesofnaturalherbsandplants,-
capsulestoincreasemenslibido,-
erectilealdcapsulesoforganicherbalmedicinesextract,-
sheerthermo,-
natrolyohimbebark500mg,Natrol
3dayslimmingpill,-
herdietupanddown,Her diet
herdietcarb&fatattack,Her diet
herdietpinkpill,Her diet
5-htp,Natural factor
synedrex,Metabolic nutrition
hydroxycutsx-7,Muscle tech
5-htp,NOW
xenitol,NexGen
phenrx,NexGen
crash,Pro supps
tam,American health
leanbodyfatloss,Labrada
5-htp,Primaforce
bangthermiq,VPX
rippededge,BSN
syneburn,Primaforce
firestarter,Atomic strength nutrition
inferno,Atomic strength nutrition
shift,PES
stimul8,Finaflex
212,Muscle elements
theatrim,Purus labs
stressanxietynight,-
vanish,Pro supps
melatoninultra,-
rippedjuice,Betancourt nutrition
alteril,-
rhino69extreme10k,Riverdale Trading Company
somnapure,-
rapidcutsshredded,ALLMAX Nutrition Inc.
stressanxietyday,-
naturalherbalcoffee,Caverflo
somnatrimnighttimebingecontrol,-
lipofuzepm,-
dyma-burnxtreme,-
melatonin,Now foods
melatonin,Natrol
gnchornygoatweed,GNC
melatonin,Optimum nutrition
aerobicoxygen,Good For You Canada Co.
libix3,-
libidus,-
kytra,Nutriceutical Healthcare
liviro3,-
suhagra,-
egorx,-
newthunderrx,-
caffeine200mg,Betancourt nutrition
endurerx,-
prosolution,-
redlinextreme,-
herbalvim,-
naturect,-
genegra,-
sizepro,Advanced Herbal
wellbalancexanthiumandsilercombo,-
orexis,-
omega3withvitamind,-
dhea50mg,-
cialia,-
natroldhea,-
extagen,-
pilrajauratasli,-
kebigutaijiaonang,-
atro-phex,-
slimquickextremegel,-
slim3in1,-
yanheeslim,-
slim30,J&H Besta Corp
jarrowformulagermanium,Jarrow Formulas
thermonex,-
asaigermaniumwhite,Japan Germa Industry Corporation
vimmaxplus,-
asaigermanium,Japan Germa Industry Corporation
deferol,-
viglo,-
naturenaturesilvercolloidalimmunesupport,Nature Nature
슈즈러,-
younutritionalcolloidalsilverdrops,-
ultrasilvercolloidalsilver10000ppm,-
ultrasilvercolloidalsilver5000ppm,-
maleresponse,-
duramale,-
herbalvirility,-
bupleurumlivercleanse,-
joyfly,GreenBio USA
ultracolloidalsilverspray,-
supersize,-
supersilvercolloidalsilver,-
joyniteplus,-
smaxsilverionicsolution,-
stan-tallmalesexualperformance,-
naturallysilverimmunesupport,-
itiman,-
silverarchertruecolloidalsilver,-
activelibidoformen,-
renewalcolloidalsilverhydrosoldropper,-
oxylifeproductsoxylifeoxygenwithcolloidalsilverplain,-
malecomplex,-
malenitro,-
nutrinochesilvercrystallinenano,-
skinnygirlscalifornia,SKINNY GIRLS(유통사)
proenzi99,-
finajet,-
naturalpathsilverwingscolloidalsilvermineralsupplement500ppm,-
neonsportsurge,-
icos,-
nanosilver,-
powererect,-
nanosilvercolloidalsilver,-
ezslim,GreenBio USA
superslim,GreenBio USA
miraclesofhealthcolloidalsilver,-
powerslim,GreenBio USA
megaslim,GreenBio USA
hydroxycuthardcorenextgen,-
dragonlight,-
kangar00,Kangaroo
bodysense,-
postcyclesupport,-
maxtestosterone,-
yellowbullet,-
yohimbine,-
intimateresponse,-
slimfx,-
performaxx,-
mesosilver20ppmcolloidalsilver,-
gowomanplus,-
gomanplus,-
medisilverclear,-
medisilverblack,-
purifex,-
liquidhealthcolloidalsilver,-
xentrafen,NexGen
mangodrinsf,-
ioniccolloidalsilver,-
razzadrene,-
xenadrinecore,-
highstabilitycolloidalsilver,-
ripcuts,-
thisilyndigestivecleanse,-
enhancedcolloidalsilver10ppm,-
swisskriss,Modern Products
lyriana,-
yohimbepower1000,-
s3,Gifted Nutrition
hyperdrive3.0+,-
testogen-xr,-
detonatext,-
men'svirilitypower,-
action-tabs,-
newoversize,-
pxhighperformance,-
nuzenextra,-
blackcialis,-
stacker2real2wayaction,-
shaperx3,SHAPER LAB
ezbodyslimmeradvanced,-
libimax,Nature&Health
fitmisscleanse,-
earth'sbountycolloidalsilver,-
supercleanse,-
rapportvim,-
testojack200,-
megajex,-
fastactingextenze,-
superlean,-
steel-libidoforwomen,-
max-slim,Slim Smart
slimmagicherbal,-
joyfulslim30,-
supergenic,Nutri Power
maxstamina,-
powertime,-
fyre,-
vydexafil,-
sizable,-
slimquickextreme120,Nx Labs
macaman,GNC
slimmeradvanced,-
vividvirilityforher,-
newkaboom,-
joyfulslim,-
sexletsgum,-
eva-maxⅣ,-
naturallex,-
dailymanufacturingcolloidalsilver,-
activotc,-
sculptn'cleanse,H.D.NUTRITION
colloidalsilversuper2000ppm,-
slimquickextreme,-
colloidalsilverspray,-
cialipro,-
thermolean,-
colloidalsilversilvermartrix,-
realskill,Natalina (HK) Trading Co
maxhard,-
colloidalsilverplusamericansupplements,-
herbviagra(malesexualstimulant),-
blackant,-
herbalvigor,-
slimex15,-
colloidalsilver500ppm8oz,-
sitandslim,-
orientalslim,-
colloidalsilver500ppm,-
naturalmaxslimming,-
casanovaplus,-
lida,Lida
beepollencapsules,Zi Xiu Tang
casanova,-
cobra,-
naturomax,-
meganite107,-
vigrxplus,-
soloslimextrastrength,-
zyrexin,Superbalife International LLC
vimax,-
amidren,Sera-Pharma
greencoffe800,-
fx3000,-
insanebeepollen,-
btrimmax,-
viaherbal,-
ampdgold,-
niterider,-
indigo,-
edgeamplifiedweightrelease,-
alli,GlaxoSmithKline
goldslimsuperdiet,-
sitandslimII,-
powerzengold,-
herberex,-
yohimbebarkextract,-
akttivecapsules,-
lexline30,180˚ LEXLIFE
zeroxtremecapsules,-
stim10,EXT Sports
slimvieslimmingcapsules,-
penisxl,Cobeco
xrect,-
caliplus,-
zrect,-
rectalis,-
colloidalsilver20ppm,-
promegnum-xl,-
australiakangarooessence2500mgtablets,-
meganiteplus,-
hydroxycuthardcoreelite,-
doctor'sbestbest5-htp,-
durazest,-
goldreallasxxx,-
erexium,-
zisubodyfathealthII,-
silverarmorfirstaidantisepticspray,-
n1-t,Universal Nutrition
ultimatebodytox,-
wellnesscolloidalsilverthroatspray,-
stiff4hours,New Research Marketing Corp
supremeslim5.7,-
skinnybeediet,-
goldenxxl,-
hydroxystim,-
acceleratorboost,-
ultimatemen'speakperformance,-
abxweightloss,-
maxmancapsule,-
silverargent,-
naturalpathsilverwingscolloidalsilverimmunesupplement1fluidounce,natural path silver wings
superiorcolloidalsilver30ppm16floznanocolloidalsilverimmunesupport,-
sourcenaturalswellnesscolloidalsilver30ppm,-
v-rx,-
naturalpathsilverwingscolloidalsilverimmunesupplement,-
peacefulmountainioniccolloidalsilver,-
cockstar여성용,-
muscletechhydroxycuthardcoreelite,Muscle Tech
mbinutraceuticalshomeopathiccolloidalsilver30ppm,-
readyman,-
superhd,-
blueup,CONTROLLED LABS
lipotherm,-
skinnygirlsnewport,SKINNY GIRLS
lexslim30,-
purecolloidalsilver5000ppm,-
hydroxyelite,-
libigrow,-
ultrazx,ZX Labs
"thymuplex,50tablets",Enzymatic Therapy
gigamax,-
onemoreknight1750,-
liquidcolloidalsilver,-
love4long,-
semenax,-
progressivelabscolloidalsilver4oz,-
betastim,Ronnie Coleman signature series
citrus’fit,-
boss-rhinogoldx-trastrength,-
nanopapa,MJ Nutra Inc.
"menscollagenadvanced,290count",youtheory
libigirl,-
"jointvibrance,252tablets",Vibrant Health
shangaiultrax,-
강신단,-
"jointvibrance,13.1oz(371.7g)",Vibrant Health
superbull6000herbalcapsules,-
ezslimdia30,-
"ultrarawkidney,60tablets",Ultra Glandular Enterprises
supershangai,-
"rawthyroid,90easytoswallowtablets",Ultra Glandular Enterprises
ezslimdia60,-
mysteelwoody,-
"rawpituitary,60tablets",Ultra Glandular Enterprises
bluegene,-
"raworchic,1000mg,60tablets",Ultra Glandular Enterprises
fastinxr,-
"rawliverconcentrate,90tablets",Ultra Glandular Enterprises
"liquidglucosaminechondroitin,16oz(480ml)",Tropical Oasis
kingwolf,-
"jointcomplete,32oz(960ml)",Tropical Oasis
magna-rx,-
"glucosaminechondroitinwithmsm,360capsules",Pure Encapsulations
slimeradvanced,EZ Body Slimmer LLC
oxygenwithcolloidalsilverandaloevera,-
weekendprince,-
manpower365,-
"calcium(mcha),90capsules",Pure Encapsulations
meizitangbotanical,-
"adrformula,120capsules",Pure Encapsulations
d4thermalshock,-
oxygenwithcolloidalsilverandaloeveramountainberry,-
redlineultrahardcore,-
"thyrocomplex,90capsules",Progressive Laboratories
methylburnextreme,-
"parathyrolate,90capsules",Progressive Laboratories
dr’ssecretbioherbscoffee,-
"glycoplex,90capsules",Progressive Laboratories
stacker3xplc,NVE Pharmaceuticals
arnoldirondream,-
"glycoplex,250capsules",Progressive Laboratories
colloidaldefense,-
"glucosaminechondroitincomplex,120capsules",Pioneer Nutritional Formulas
redlineprincess,-
superdragoncapsules,-
"amazingwhey,vanillaflavor,6.4oz(183g)",Paradise Herbs
sterabol,Sports One
langyihaotablets,-
"amazingwhey,vanillaflavor,12.8oz(366g)",Paradise Herbs
ogoplex,"Boland Naturals, Inc (유통사)"
"adren-all,120capsules",Ortho Molecular Products
urxbombshell,-
streeoverlord,마요케이샤인터네셔널바이오테크널러지
"bovinethyroidhealth,90capsules",Nutri-Meds
"adrenalcortex,250mg,120capsules",Nutri-Meds
levitrex,뉴에이지바이어택
"adrenalcortexplus,90tablets",Nutri-Meds
"supercollagen+c,250tablets",Neocell
mojorisen(역량),WhereDreamCometrue
superbull6000,-
"supercollagen+c,120tablets",Neocell
gelslim,Globe All Wellness
"collagensport,frenchvanilla,47.6oz(1350g)",Neocell
animaltest,-
finalslim,TBC labs
"collagensport,frenchvanilla,23.8oz(675g)",Neocell
masterzone1500,-
"collagensport,belgianchocolate,2.97lbs(1350g)",Neocell
durazestformenvolume,-
웅기단,-
fortaxpload,-
fortaformendaily,-
silverboostcolloidalsilver,-
"womensultrahairplus,60tablets",Natures Plus
noxpump,Dorian Yates Sports nutrition
신양단,-
"ultraskinplus,60tablets",Natures Plus
fueluphighoctane,-
"ultrarx-jointcompletesystem,2piecekit",Natures Plus
fuelupplus,-
decaone,-
"ultranailsplus,60tablets","Ultra Nails Plus, 60 Tablets	Natures Plus"
ultrasxcapsules,-
"ultrahairpluswithmsm,60tablets",Natures Plus
powermax,-
paradisesuplementonaturalultrapluscapsules,-
"prost-actin,60tablets",Natures Plus
maxdesireforwomen,-
superdragon6000capsules,-
"mensultrahairplus,60tablets",Natures Plus
sovereignsilverbioactivesilverhydrosol,-
vigaplus,VitoPhama
rhino7platinum3000,-
"glucosaminechondroitinrx-joint,60tablets",Natures Plus
hypertesthypertrophictestosteronecomplex,Axis Labs
rhino73000,-
"glucosaminechondroitinmsm,ultrarx-joint,90tablets",Natures Plus
"glucosaminechondroitinmsm,ultrarx-joint,120tablets",Natures Plus
yellowscorpion,-
"glucosaminechondroitinmsm,ultrarx-jointliquid,30oz(887.10ml)",Natures Plus
dexaprinexr,-
"connect-all,90tablets",Natures Plus
sovereignsilverbioactivesilverhydrosolfinemist,-
dexaprine,-
miraclerock48,-
"colostrumrx-foundation,60veggiecaps",Natures Plus
meizisuperpowerfruitsherbalslimmingformula,-
"collagenlift,resveratrolplus,60veggiecaps",Natures Life
sovereignsilverbioactivesilverhydrosoldroppertop,-
"isopureoriginal,dutchchocolate,20servings",Natures Best
miraclediet30,-
"medizym,200tablets",Naturally Vitamins
slimperfectarm,-
colloidalsilver1100ppm,-
"hep-forte,500softgels",Naturally Vitamins
herbalvigorquickfix,-
"miraclebreast,180tablets",Natural Treasures
arize,-
"rawthyroid,90capsules",Natural Sources
silversupport,-
"rawthyroid,60capsules",Natural Sources
mmcsexmencapsules,-
"rawthyroid,180capsules",Natural Sources
nightman,-
chongcaozhagbianbao,-
"rawpituitary,50capsules",Natural Sources
"rawmultiple,60capsules",Natural Sources
zhanshengweigechaoyuexilishi,-
"rawkidney,60capsules",Natural Sources
mixfruitslimming,-
mezo,-
"rawadrenal,60capsules",Natural Sources
slynbothgreencapsules,-
"alladrenal,60capsules",Natural Sources
bestlinesuplementoalimenticiocapsules,-
"thyroplexforwomen,30capsules",Life Enhancement
lipo8burnslim,-
"thyroplexforwomen,120capsules",Life Enhancement
slimingdietbyprettywhite,-
powerplay,option biotech
"thyroplexformen,30capsules",Life Enhancement
trim-fastslimmingsoftgel,-
"thyroplexformen,120capsules",Life Enhancement
lingzhicleansedslimtea,-
arize,SFB Ventures.Canada
"protein100,32oz(946.3ml)",Genesis Today
slimperfectlegs,-
pepmax,health and foods corporation
fortaformen,-
"malepower,120tablets",FutureBiotics
slimdia,-
"hair,skin&nails,60capsules",FutureBiotics
"dailyenzymecomplex,75tablets",FutureBiotics
lieelicoscialistadalafiltablets,-
"bonebuilder,120tablets",Ethical Nutrients
1daydietcapsules,-
3ko,Zeus Corp.
"adrenalglandularplus,120tablets",Ethical Nutrients
boostultra,Biogenixs
l-carnitineplusgreencoffeextract,-
"thymuplex,50capsules",Enzymatic Therapy
"myo-tone,80tablets",Enzymatic Therapy
happypassengers,-
"liv-a-tox,90tablets",Enzymatic Therapy
triplemiraclezenplatinum,-
"adrenalstressend,60capsules",Enzymatic Therapy
viamaxgold,-
topgunformen,-
"acid-a-cal,100capsules",Enzymatic Therapy
detoxmax2,-
maxidus,Maxidus Health
"tcellformula,60capsules",Ecological Formulas
"sphingolin,240capsules",Ecological Formulas
frenzy,-
sizeproultra,-
yohimbinehci,-
"hrf-thalamic,60capsules",Ecological Formulas
extenzeforwomen,-
yohimbeextract,-
libidusforwomen,-
rippedfuel,-
"anti-aging3,tropical,21.7oz(615g)",Dr.Venessas
thermomaxxx,-
"sleep,2oz(60ml)",Dr.Garbers
"depression,2oz(60ml)",Dr.Garbers
thermalean,-
nu-zen,Nutraceutical Sciences Intitute (N.S.I)
"anxiety,2oz(60ml)",Dr.Garbers
xtralean,-
"rightwhey,creamyvanilla,2lbs(924g)",DaVinci Laboratories of Vermont
lipo6blackultraconcentrate,NUTREX RESEARCH
"rightwhey,creamychocolate,2.29lbs(1.04kg)",DaVinci Laboratories of Vermont
assetbeepollen,-
biovigora,Oasis Biotech Inc
"rightwhey,berryflavor,2.16lbs(978.66g)",DaVinci Laboratories of Vermont
"disc-discovery,180tablets",Davinci Laboratories of Vermont
oversize,Quantum Natural
stimerex-es,-
"ferritin,5mg,60capsules",Cardiovascular Research Ltd
kongblackvoodoo,-
lipodrenextreme,-
"cortolace,60capsules",Cardiovascular Research Ltd
lipodrenexr,-
casablanca,N.F.I
"wheyoflife,naturalvanillaflavor,8packets",Bluebonnet Nutrition
lipodrenehardcore,-
vimmax(빔맥스),NEW WORLD U.S.A.
ecaxtreme,-
blackwidow,-
"dual-actionprotein,naturaloriginalflavor,2.1lb(952g)",Bluebonnet Nutrition
plexusslimaccelerator,-
"dual-actionprotein,naturalfrenchvanillaflavor,2.1lb(952g)",Bluebonnet Nutrition
"dual-actionprotein,naturalchocolateflavor,2.1lbs(952g)",Bluebonnet Nutrition
phentabztablets,-
japanrapidweightlossdietpillsblue,-
"wheyproteinisolate,naturalvanillaflavor,16oz(454g)",Biotics Research Corporation
long-power,Rhino caps Inc
"wheyproteinisolate,naturalchocolateflavor,16oz(454g)",Biotics Research Corporation
japanrapidweightlossdietpillsyellow,-
kong,KMS
"bio-glycozymeforte,90capsules",Biotics Research Corporation
japanrapidweightlossdietpillsgreen,-
"arnoldironpack,30packs",Arnold
c4extreme,-
newslim30,N.Y. Golden Nutrition Center(유통사)
"seacentialsgold,32oz(947ml)",Alive and Alert
liquidclenbutrxhardcore,-
venomhyperdrive3.0,-
"orthobone,300capsules",Advanced Orthomolecular Research
hemorageblack,-
"t100,60tablets",Advanced Orthomolecular Research
"bonedynamics,120veggiecaps",Advanced Orthomolecular Research
manking,Natalina (HK) Trading Co
rize2theoccasion,Amazing4(유통사)
hardtendays,-
unflavoredgelatin,great lakes gelatin co
jack3d,USP LABS
100%bovinegelatin,bernard jensens
oxyelitepro,-
loseweightcoffe,-
dreambodyslimmingcapsule,-
paiyouguoslimtea,-
botanicalslimming,-
fruitplantlossingfatcapsule,-
acaiberrysoftgelabc,-
shengyuanfang,-
legend,CUTLER NUTRITION
glucosupportformula,Life Time Vitamins
clatonalin1000,"MET-Rx Nutrition,Inc."
konjacrootglucomannan1000mg,"PURITAN'S PRIDE,INC"
3gburn,Intechra Health
testovox,Vivd Health Nutrition(유통사)
androshred,XPL Supplements
fitmissburn,Muscle Pharm
supermacho,"DLC Laboratories,Inc(유통사)"
maca,Absorb Health
cleansetea,Flat Tummy Co
thermo-burnII,Nutritional Brands
men'slibido,Healhty Healing Enterprises LLC™
femstim,Vhnutrition
dailydetox,Purity Labs™
phenthin375-tr,New Age Supplement (유통사)
femalesexualenhancer,hb&S Solutions (Pty) Itd.
erectize,ERONOS LLC (유통사)
femalefantasy,"NATURE SUPPLEMENT,LLC"
viriltech,VirilTech (유통사)
xlrctultrahard,Health Connection (유통사)
varsperformance,VARS PERFORMANCE
uprisepremium,UP RISE
bioxgenicnature'sdesire,Md Science Lab LLC (유통사)
skinnyfeet,Euphoric (유통사)
heataccelerated,MAGNUM NUTRACEUTICALS INC.
crossfuelfirestarter10x,Wellnx Life Sciences USA
heliusburn,MY WAY LABS
herbalv,"LaneLabs-USA,Inc. (유통사)"
leveluptestosteronebooster,CROSSACTIV LTD (유통사)
thermooxyburn,HB&S Solutions Ltd.
erosvigor,"Alcyon Health,LLC. (유통사)"
rockhardrevolution,HB&S Solutions Ltd.
abigniterblack,"TOP SECRET NUTRITION,LLC.(유통사)"
naughtygirl,Sheer Saanvi USA LLC
iscreamlove,Vitamin City
i-screamtonight,Health Connection(유통사)
maximummale,HIGHLAND LABORATORIES
marshallscreekspicesfamilysizepoppyseedseasoning,Marshall's Creek Spices
wholeblackpoppyseeds,International Spice
spiceislandspoppyseeds,Spice Islands
poppyseeds,Superior Nut Company
premiumwholepoppyseeds,Hoosier Hill Farm
poppyseedprototype1kgspiceherbpoppiesactualcascuspoppypoppyseedwhitewhitepope,ohtsuya
mascotpoppyseedblue,Mascot
라라크러쉬곤약젤리포도,만난라이프
라라크러쉬곤약젤리오렌지,만난라이프
라라크러쉬곤약젤리파인애플,만난라이프
라라크러쉬곤약젤리사과,만난라이프
라라크러쉬곤약젤리머스캣,만난라이프
라라크러쉬곤약젤리망고,만난라이프
곤약젤리리치,만난라이프
곤약젤리포도,만난라이프
곤약젤리파인애플,만난라이프
곤약젤리사과,만난라이프
곤약젤리복숭아,만난라이프
"uni-liver,500tablets",Universal Nutrition
"uni-liver,250tablets",Universal Nutrition
"ultrawheypro,vanillaicecream,5lbs(2.27kg)",Universal Nutrition
"ultrawheypro,strawberrybanana,5lb(2.3kg)",Universal Nutrition
"ultrawheypro,mochacappuccino,5.0lbs(2.3kg)",Universal Nutrition
"ultrawheypro,doublechocolatechip,5lb(2.27kg)",Universal Nutrition
"ultrawheypro,cookies&cream,5lbs(2.3kg)",Universal Nutrition
"ultraisowhey,vanillashake,2lbs(909g)",universal nutrition
"animalpak,15packs",Universal Nutrition
"cortrex,60veggiecaps",Thorne Research
"cortine,60veggiecaps",Thorne Research
"adrenalcortex,60veggiecaps",Thorne Research
"wheytogo,wheyprotein,naturalvanillaflavor,12oz(340g)",Solgar
"wheytogo,wheyprotein,naturalstrawberryflavor,16oz(454g)",Solgar
"wheytogo,wheyprotein,naturalchocolateflavor,16oz(454g)",Solgar
"wheytogo,wheyproteinpowder,naturalvanillaflavor,32oz(907g)",Solgar
"wheytogo,wheyproteinpowder,naturalchocolateflavor,41oz(1162g)",Solgar
"womanprime,120veggiecaps",Nutricology
"spleen,100veggiecaps",Nutricology
"pancreas,90veggiecaps",Nutricology
"orchicbeef,100veggiecaps",Nutricology
"liverpowderbeef,200g",Nutricology
"kidneybeef,100veggiecaps",Nutricology
"hypothalamus,100veggiecaps",Nutricology
"heartbeef,100veggiecaps",Nutricology
"brainbeef,100veggiecaps",Nutricology
"bonemarrowbeef,100veggiecaps",Nutricology
"arthred,8.5oz(240g)",Nutricology
"adrenal,150veggiecaps",Nutricology
"adrenalmedulla,100veggiecaps",Nutricology
"oxbile,125mg,180veggiecaps",Nutricology
"liverbeef,125veggiecaps",Nutricology
"liquidglucosamine&chondroitin,32oz(946ml)",Now Foods
"liquidglucosamine&chondroitin,16oz(473ml)",Now Foods
"glucosamine&msm,180capsules",Now Foods
"glucosamine&chondroitin,90tablets",Now Foods
"glucosamine&chondroitin,240tablets",Now Foods
"glucosamine&chondroitinwithmsm,90capsules",Now Foods
"glucosamine&chondroitinwithmsm,180capsules",Now Foods
"chondroitinsulfate,600mg,120capsules",Now Foods
"bovinecartilage,750mg,300capsules",Now Foods
"collagen1500,120capsules",Mason natural
"truecmo,760mg,60capsules",Jarrow Formulas
"bileacidfactors,90capsules",Jarrow Formulas
"glucosaminechondroitinmsm,360capsules","Doctor's Best, Inc."
"glucosaminechondroitinmsm,240capsules","Doctor's Best, Inc."
"glucosaminechondroitinmsm+hyaluronicacid,150capsules","Doctor's Best, Inc."
"wheycool,unflavoredandunsweetened,2lbs(900g)",Designs For Health
"wheycool,naturalvanillaflavor,2lbs(900g)",Designs For Health
"wheycool,naturalchocolate,2lbs(900g)",Designs For Health
"maxi-skin,collagen+c&a,90tablets",Country Life
"maxi-skincollagen+c&a,2.74oz(78g)",Country Life
"lecithin,1200mg,300softgels",Country Life
"betacarotene,100softgels",Country Life
"immunepep,5.07oz(150ml)",California Gold Nutrition
"glucosamine&chondroitin,60tablets",California Gold Nutrition
"glucosamine&chondroitinwithmsm,60capsules",California Gold Nutrition
"osteo-sport,500mg,150capsules",Applied Nutriceuticals
"oxbile,125mg,180veggiecaps",Allergy Research Group
"immuno-glandplex,60veggiecaps",Allergy Research Group
"brainbeef,100veggiecaps",Allergy Research Group
halotropin,ProSupps
"morepaplatinum,orangeflavor(60)",Minami Nutrition
"cla,1000mg(90)",Iron-Tek
caffeine,BODY Temple(유통사)
jetalert,Bell Pharmaceuticals
caffeine,Kaged Muscle
caffeine200,Nutrex
caffeine,Sundown Naturals
nutrafxcaffeine,Nutrafx
natrolhighcaffeine,Natrol
caffeine,Nutricost
caffeine,Olympian Labs Inc
caffeine,AI Sports Nutrition
caffeine,ProLab
ultracolloidalsilverspray,Silver mtn Minerals
silverarmornaturalhealth10ppm,silver armor
naturalpathsilverwingscolloidalsilver500ppm,natural path silver wings
naturalpathsilverwingscolloidalsilver250ppm,natural path silver wings
naturalpathsilverwingscolloidalsilver150ppm,natural path silver wings
healthcolloidalsilver500ppm,Mr. Health
guardianofedencolloidalsilver120ppm,guardian of eden
guardianofedencolloidalsilver20ppm,guardian of eden
dr.sadvantageliquidcolloidalsilver1000ppm,Dr's Advantage
colloidalsilverspray200ppm,amino acid & botanical
colloidalsilverhydrosolspray,Natural Immunogenics Corp
colloidalsilver20ppm,optinised energetics
heritagestorecolloidalsilver20,Heritage product
natiralpathsilverwingscolloidalsilver500ppm,natural path silver wings
silverwater,Nature's dawning
colloidalsilverwellnesssolutions(16oz),RZD Wellness solution
necolloidalsilver,Nature's Energy Inc.
"colloidalsilver1,100ppm",Innovative Natural Products
colloidalsilver500ppm,Innovative Natural Products
naturalpathsilverwingscolloidalsilverwitholiveleaf150ppm,Natural Path Silver Wings
blueridgesilver10ppm,blue ridge silcer. Inc
ultimatecolloidalsilverplus,youngevity
ultraplancolloidalsilversupreme,ultra plan
mojasilvercrystallinenano,mojaworks.inc
silverbulletcolloidalsilver,inforwarslife
colloidalsilverwithatomidinespray,Heritage product
ultraslimteahoneylemon,"HOBE LABS, INC"
silvermirocklescolloidalsilver,silver Mirockles
nutra-slimtea,BMP Trading Co(유통사)
colloidalsilver,pure health discounts
hyleysslimteablueberry,HYLEYS
superiorcolloidalsilver,-
hyleysslimtearaspberry,HYLEYS
hyleysslimteapomegranate,HYLEYS
hyleysslimtea5flavorassortment,HYLEYS
dietginsengslimtea,SONGWHA FOOD
hyleysslimteaacaiberry,HYLEYS
organasilvercrystallinenano,organa international
lipoclen,NUTRIPHARM
colloidalsilveradvancedformula,-
blueridgesilver25ppm,blue ridge silcer. Inc
lipo-drex,ISATORI
blueridgesilver15ppm,blue ridge silcer. Inc
libisure,Libisure™
blueridgesilver12.5oz,blue ridge silcer. Inc
vialus,NutraTech
blueridgesilver5ppm,blue ridge silcer. Inc
futurebioticsadvancedcolloidalsilver,Futruebiotics
boostelite,ZHOU NUTRITION
ultracolloidalsilver,Source Naturals
5-dayliquidcleanse&flush,APPLIED NUTRITION
silverbioticsultimateimmunesystemsupport,American Biotech Labs
slimmingherb,German Herb
iasotea,"Total Life Changes,LLC"
sourcenaturalscolloidalifetraceminerals,Source Naturals
advanceddetoxslimmingtea,YoungYou International(유통사)
colloidalsilverspray30ppm,Trace minerals Research
slimbiocapsules,SimBio
vitalvigorplusformen,Grand Health Nutrition Products
firstdefense,Childlife
levelIIsuperthermogenic,FORMUTECH NUTRITION
silvercillinspray,-
dieter'sgreenherbaltea,"Triple Leaf Tea,Inc"
superdieter'stealemonmint,Laci Le Beau(유통사)
superdieter'steacranberrytwist,Laci Le Beau(유통사)
cleanse&detoxdiettea,YoungYou International(유통사)
3ballerinatea,TRUONG GIANG CORP
hyleysslimtea,HYLEYS
e-zweightlosstea,YoungYou International(유통사)
ginsengslimpower,TRUONG GIANG CORP
slim-t,Lorna Vanderhaeghe Health Solutions Inc
megamenprostate&virility,GNC
libido-maxpowerextendingformula,APPLIED NUTRITION
hornygoatweed,naturopathica
thyroslim,MHP
kamagra,ajanta pharma limited
swissnavystaminamaleenhancement,"M.D. Science Lab, LLC(유통사)"
krakenextremepreworkout,SPARTA NUTRITION
magnumblood-flowsexualpeakperformance,APPLIED NUTRITION
musclefactorx,Muscle  Factor X
orlistol,NutraTech
slimxtreme,globe All Wellness
aminoleanwatermelon,RSP NUTRITION   (유통사)
herbamaxonceadayformen,HerbaMAX
musclemaximizer,Tru DERMA
newman-power,-
lipotase,Primal Muscle(유통사)
dr.ming'schinesecapsules,Natural Products(유통사)
superman-power,-
nostim,Addrena
kingsize,-
rampup,Force Factor LLC(유통사)
argen,Adrenin global net. Co.
intrabuild,JACKED FACTORY
aminozax,NEWELLA Co
nitrosurge,JACKED FACTORY
zhengongfu,-
dietmasterherbtea,Health King Products Co.
nitrosurgeshred,JACKED FACTORY
kangtingcelluloseslimming,-
aro3xburnstimulantfree,Vitacost
viriliteaformen,FAIRHAVEN HEALTH
qingtianzhu,-
reinforcor,Healkeen (미국)
superdietteadieter'sbest,NATURE'S DESIGN
godheadstrongant,-
builtpreworkout,HIT Supplements
bodyslimdietertealemonflavor,Uncle Lee's Tea
germanyblackant,Hongkong tianlong organisms technology
trim-maxxherbaldieter'steaformenandwomenoriginal,BODY BREAKTHROUGH Inc
adipodex,Nutrex
acaipowerberrypure-bodycleanse,Nature's Secret
advancedyohimbeplus,irwin naturals
staminol,GNC
prostopia,Nutripia
thecleaner-women'sformula(7day),Century Systems
thecleaner-men'sformula(14day),Century Systems
7dayweightlosspill,Synergystic Nutritional Compounds(유통사)
prolongzsexualperformancestripsonemonthsupply,Advanced Men's Institute
hydravax,metabolic Nutrition
wholytea,INNOTECH
nobomb,MHP
catuaba,Advanced Physician Formulas
raspberryketone,Nutripia
maximumthermoburn,CORE VITALITY
activelibidoforwomen,Fusion Diet Systems
sexcycle,"Colossal Labs,Inc"
sexdrive,Superior Source
lipocide,Evogen Nutrition
dexy,Image Sports
naturalslimmingtea,"Diet Coaching, Inc"
maximumstrengthsuperdieter'steabags,Laci Le Beau(유통사)
tadinzendodietersteabags,Tadin Herb&Tea Company
ultraslimteadoublemint,"HOBE LABS, INC"
femalelibido,Dr. King's NATURAL MEDICINE
carbphaser,BioChem
target,Royal Sport
20day,Creative Bioscience
hyperfx,BSN
monsterintrapower,CYTOSPORT
extremefatburner,ADVANTA SUPPLEMENTS
abcutssleekleandreamweaverpm,"Corr-Jensen Labs, Inc"
abcutssleekleanmidsectionformula,"Corr-Jensen Labs, Inc"
chinagreendietersteacaffeine,Uncle Lee's Tea
starchandfatblocker,Brad King
abomb,Maximum human Performance
ultraconcentratedmxls7v2,ISATORI
hoodiaconcentrate,Source Naturals
leantabs,Fizogen Precision Technologies
nioxultra,Nutrex
l2extreme,WOODBOLT INTERNATIONAL(유통사)
factor2,Force Factor LLC(유통사)
testx180alpha,Force Factor LLC(유통사)
anabol5black,Nutrex
anarchy,Muscle tech
30daydiet,Creative Bioscience
detox7joursdays,Supplements Aromatik Inc
clk,WOODBOLT INTERNATIONAL(유통사)
superfatfighter,Only natural
niteburn,BPI Sports
10daydiet,Creative Bioscience
herbalslim,herbalslim
carbcutterdiet,Health & Nutrition Systems
surgeextremetestosteroneenhancer,Enraged Nutrition
superdieter'steacleansepeppermint,Laci Le Beau(유통사)
gentledetoxtea,ReboInc
14dayteatox,BAETEA LLC(유통사)
cyclobolan,"Inifinite labs, LLC"
blockcomprehensiveweightloss,Holistic solutions
protectformen,Vivioptal
women,Vivioptal
multi,Vivioptal
active,Vivioptal
sterolipin,Thorne Research
q-best100,Thorne Research
superepa,Thorne Research
superepapro,Thorne Research
lipocardia,Thorne Research
xenatin,Biotrex Research
ultimate-e,Thorne Research
"hydrolyzedgelatin,2000mg",Thompson
stamina-rxforwomen,Hi-Tech Pharmaceuticals
"no.3wheatgermoil,627mg",Sonnes
greenstinger,SCHWARTZ Laboratories
neptunekrilloil,Quality of Life Labs
stoked,Al sports nutrition
"coconutoil,1000mg",Natrol
"morepaplatinum,orangeflavor(30)",Minami Nutrition
preloxnaturalsex,"Quality Supplements and Vitamins, Inc"
"plusepa,500mg",Minami Nutrition
"redyeastrice,1200mg",Mason natural
bootyxl,Marinanaturals(유통사)
"cinnamon,1000mg",Mason natural
"cla,1000mg(270)",Iron-Tek
"cognizinciticoline,250mg",Healthy Origins
"phase2,500mg",Healthy Origins
"vitamind3,1200iu",Healthy Origins
calamegadha+,Health Direct
omegavailultra,Designs For Health
vexxum,"PROSUPPS USA, LLC"
slimpink,Natural Pharm
17-testo,USN North America
whitekidneybean,Maritz Mayer Laboratories
blackmambahyperrush,"Innovative Bio-Laboratories,LLC."
tenacity,NUBREED NUTRITION INC
fitneherbalinfusionblackcurrant,New Concept Product Co.
fitneherbalinfusiongreentea,New Concept Product Co.
fitneherbalinfusionchrysanthemum,New Concept Product Co.
fitneherbalinfusionlychee,New Concept Product Co.
liporush,Fit Life Brands Inc
fitneherbalinfusionoriginal,New Concept Product Co.
tntplus,Organika
kidneybuild,Bill Beauty & Health
redrooster,Bioray
multienergy,Best Life Vitamin
spanishnight,Yorba Naturals
testcharge,All American EFX
energymax,Gm Food & Manufacturing Gardena
isatest,ISATORI
oncycle,Fizogen Precision Technologies
stimulant-x,ATHLETIC XTREME
power-x,My Life - Finevita
testchargehardcorecapsules,All American EFX
premiumdetox,BNG Enterprises
herdailycleanse,1 UP NUTRITION
tightxtremereloaded,SAN
cellurid,Biotech International corporation
roxylean,BPI sports
b4,BPI sports
lipo-6unlimited,Nutrex
testosteronetrigger,"M.D. Science Lab, LLC(유통사)"
maxsize,"M.D. Science Lab, LLC(유통사)"
synergy21,APPLIED NUTRITION
novedexxt,Gaspari Natririon inc
sizerectultra,"Vitality Max Labs,LLC(유통사)"
iscream,Vitamin City
men'ssexualhealth,NNS Organics Ltd
herbamaxformen,HerbaMax
herbamaxforwomen,HerbaMax
sinrex,Sinrex(공급사)
slimred,Jefferson Foods Corp
15-dayweightlosscleanse&flush,Nature's Secret
14dayacaiberrycleanse,APPLIED NUTRITION
supercoloncleanse,HEALTH PLUS
dymetadrinextreme,AST SPORTS SCIENCE
tropinexaq,Image Sports
methoxyburn,PRO-NUTRA
arthro-joint&musclesupportfactors,Country Life
phosphatidylserinecomplex,Country Life
babycareprenatalomega369,Country Life
carotenoidcomplex,Country Life
lutein,Country Life
maxi-hairformen,Country Life
omega369completelemon,Country Life
xenadrinextxtremethermogenic,Health Sciences USA Inc.
calciummagnesiumcitrate,Country Life
jetfuel,GAT
omega369,Country Life
diablosecafirecaps,Innovative Diet Labs
superomega3,Country Life
naturalvigorxp,-
wheatgermoil,Country Life
codliveroil,Country Life
spanishflyformenandwomen,"M.D. Science Lab, LLC(유통사)"
"lecithin,1200mg",Country Life
vanishfatmetabolizer,"PROSUPPS USA, LLC"
naturesgarlic,Country Life
dexyfen,Image Sports
grenadethermodetonator,Grenade
eveningprimroseoil,Country Life
ezslimdiamax,GreenBio Co.
akgsharkliveroil,Country Life
virmaxforher,"Natural Products Solutions, LLC"
"naturale-complex,400iu",Country Life
slimsap,Niagara health Inc
"vitamind3,5000iu",Country Life
viagine,Billvom Inc
"vitamind3,2500iu",Country Life
africanmango,BioGenetic
"naturalvitamine,400iu",Country Life
fornatab2.0,GAT
"naturalvitamina&d3,10000iu",Country Life
shredmatrix,Muscle pharm
naturalvitamind3400iu,Country Life
blackjaxextremeenergizer,NVE Pharmaceuticals
"vitamina,10000iu",Country Life
bellyoff,Biogenetic Laboratories
lipodrenextreme,Hi-Tech Pharmaceuticals
redpalmoil,Bio Nutrition
slimbusterx,Gm Food & Manufacturing Gardena
saffloweroil,Bio Nutrition
vaxitrol,-
dren,MHP
blackseed,Amazing Herbs
enzytee3,Vianda
malevitality,GINCO International
bareman,NUD™
teamanasul,Bio3 Corporation
hypercutthermoxts,USN North America
libidomaster40+,Nutrition Master
maleperformanceenhancement,Oztosterone®
ka-pow!transform3d,HERO SUPPLEMENTS(유통사)
romanticaforwomen,NutraPro Inc.
slimtonone,"Exclusive supplement,Inc."
malecomplete,Nature's Answer®
japantengsu,Shiga Pharmaceutical Ltd
5-htp100mg,Solgar
wu-yicleanse&slim,"The Wu-Yi Tea Company A division of Global Organix,Inc."
alphamalexl,Alpha Male Distribution
5-htp,Nature's Way
pms,Nature's Way
abigniter,top secret
betaleansca,1 UP nutrition
volumerx,Samilton Health Corp
proripped,1 UP nutrition
bomba,GMP
lipo6rx,Nutrex
maxload,"M.D. Science Lab, LLC(유통사)"
extpowerplus,PYXIS BIOLOGIX
betterman,Interceuticals Inc
semenrx,Great Lake Nutrition
tealight,Lipo-Express
bcaa2200,myology muscle science
adrenin,Adrenin global net. Co.
progenin,Chizled Labz
pumpgc,LABRADA NUTRITION
pleasurepill,pleasure pill
hghcomplete,High energy labs
eviscerate,KAI GREENE
roxyleaneca,BPI sports
bestfactor,Best factor
fastin,Hi-Tech Pharmaceuticals
conceivewellmen,blackmores ltd
plasmahemavolvolumizer,iForce Nutrition
step-2formen,Vitamin City
prostateadvantage,Enzymatic therapy(유통사)
bersafen,PURE RESULTS NUTRITION(유통사)
infinimax,After Dark Labs
5tetra,Epic nutrition
cla,physique nutrition
rexdriveherbal,California Gold Nutrition®
leanout,Beverly International Nutrition(유통사)
excite,Dymatize Enterprises Inc.
marathon21,Nutra Formulation(Uneek products)
swissnavysizemaleenhancement,"M.D. Science Lab, LLC(유통사)"
rejuvaone,Longevity Press
stiffnights,Impulsaria LLC
cla80femme,hbs international(유통사)
promagnumxl,meta herbal
fatburnermaxdetox,Natural Health USA
quickslim30,good vitamins
teavigo,Healthy Origins(유통사)
cortimin,Vitacost
superbetaprostate,NAC Marketing Company
prostim,Cutler nutrition
ballrefill,Vigor Labs
chromium,OPTI Natural(유통사)
lessstressweightcontrol,Irwin Naturals
lipo-6®blackhersultraconcentrate,Nutrex
zendaslim,ZendaSlim(유통사)
kugentin,new trend products
naturabestgarciniacambogia,Naturabest
naturaleanthermogenicformula,ETB
trimatrix,nutrition HQ
abidexin,NUTRIPHARM(유통사)
stamina-rx,Hi-Tech Pharmaceuticals
gakichardcore,Muscle Tech
xtremefatburner,Biopharm Nutraceuticals(유통사)
thyroidt3,Absolute Nutrition
nanovaporhardcoreproseriespowderblueraspberry,Lovate Health Sciences USA.Inc.
prostateperform,New Roots
nanovaporhardcoreproseriespowderfruitpunch,Lovate Health Sciences USA.Inc.
drive,applied Nutriceuticals
quadralean,RSP NUTRITION
zhena'sdietslimme,"Royal Gypsy Tea Company, Inc."
marinecollagenwitheveningprimroseoil,HEALTHFARM
lacilebeausuperdieter'stea,Laci Le Beau(유통사)
prostatemanager,Thompson's
prostatemanager4000,Hi Well Healthcare Corp
powerking,GreenBio Co.
deerantlervelvet,"NutraPro, Inc"
tonalincla,SOURCE NATURALS
joynite,GreenBio Co.
cla,Now Foods
nuzen,Yarba Prima Natural Health
bcaa1000,OPTIMUM NUTRITION
bluemoon,2008 Yorba Naturals
thermocla,GNC(유통사)
1-ezdiet,MAXIMUM INTERNATIONAL(유통사)
mangodrin,Tru DERMA
cla,Trunature
slimyellow,Yorba Health Foods
cla1500,SAN CORPORATION
cla1250,GAT
slimgreen30,Jefferson Foods Corp
lipo6cla,"Nutrex Research, Inc"
cascararhamnuspurshianaliquidextract,-
hmb1000,MRM
clacore,MusclePharm
gnccascarasagrada,GNC
lipo6,Nutrex
eatmormax,Vh Nutrition
jetfuelsuperburn,GAT
boostforher,"LFI labs, Inc"
biomentestosteronebooster,INTENERGY
bigt,Jay Cutler
enhancedsleep,GNC
leanmode,EVLUTION NUTRITION
sexyv,Sexy v
sheerthermo,Sheer Strength Labs
sweetestdreams,Solgar
hawaiianastaxanthin,Nutrex Hawaii
hornygoatweed,Nature's Way
veinerectwithl-arginineandmaca,MASON VITAMINS
nightrest,Source Naturals
lean+extrastrength,GENUINE HEALTH
actimetagold,BASIC RESEARCH
herbalyextreme,-
testofx,ALLMAXNUTRITION
rawhgh,VIGOR LABS
firm-fx,Nu Derm Products
melatonin,Source Naturals
babyweightbuster,"Elevate Recovery Supplements, LLC"
viswiss,-
melatonin,GNC
hmb1000,"MET-Rx Nutrition, Inc"
x-factoradvanced,"Molecular Nutrition, LLC"
vahardmen'ssexualperformance,-
hmb,NutraKey
tribx90,HBS INTERNATIONAL CORP
vmax,-
intensifyblack,Fitlife brands
p7,-
allergyresearchgroupgermanium,Allergy Research Group LLC
manerect,-
cortislimburn,Cortislim International
magnum,Anabolic Xtreme
blackcats,Applied Nutriceuticals
absolutefuel,BioScience Institute Inc
zencoreplus2,-
jetfuelpyro,GAT
leanfix,All American EFX
makeherlean,1UP nutrition
coq1030mg,Country Life
nature'sgarlic,Country Life
metaboq,"BSP-LAB, CO(유통사)"
zma,Optimum nutrition
cyclingf,"Maximum Human Performance, LLC"
cla,"Dymatize enterprises, LLC(유통사)"
dexamine,Giant Sports
extremecla,Health Canada Licensed facility
nutricologyge-132germanium,NutriCology
vinpocetine,powdercity(포장)
children'scoughsyrup,NatraBio
bhicalming,Medinatura
germanium,Complete H2O Minerals
germanium,재팬 아루제
purefatthreedays,ShenZhen Qiren Pharmaceutical Co.
pumpigniter,top secret
flushandbefit,Renew Life(유통사)
bellyblasterpm,Liquid Supps
relacorepm,The Cater-reed company
jillianmichaelsdetoxandcleanse,Jillian Michaels
swansonpremiumdhea,Swanson
fit,Maximum human Performance
wreckingballs,Vigor Labs
coq10,Now Foods
vitamind32000iu,Healthy Origins
naturalecomplex,Country Life
bone-up,Jarrow Formulas
lutein,Jarrow Formulas
kyolicagedgarlicextract,"Wakunaga of America Co., Ltd"
mega369omegablend,Natures Way
lutein,Twinlab
cranberry300mg,Trunature
omegawoman,Nordic Naturals
extravirgincoconutoil,Natures Answer
coq10,TRUNATURE
ginkgobilobawithvinpocetine,TRUNATURE
megared,Schiff
eveningprimroseoil,Barlean's
dailyessentialenzymes,Source Naturals
glucosamine+chondroitin+msmcombination,Jarrow Formulas
efagoldflaxoil,Nature's Way
livercleanse,Health Plus
superacai,Solgar
vitamine400iu,Solgar
estrologic,Wakunaga
acidophilusprobiotic,Natrol
eveningprimroseoil,trunature
colostrumprimelife,Jarrow Formulas
borageoil,Now Foods
sharkcartilage,Now Foods
advancedeyefactors,Natural Factors
biotin,21st Century Health Care
ultimateomega,Nordic Naturals
bestfreelutein,"Doctor's Best, Inc."
vitamind35000iu,Healthy Origins
superprimrose,Now Foods
bluerichsuperstrength,Natural Factors
calciumandmagnesium,Now Foods
eyefactors,Natural Factors
omega3premiumfishoil,Madre Labs
rxomega-3factors,Natural Factors
aloeveragels,Now Foods
tonalincla,Natrol
cranberryconcentrate,Now Foods
pb8,nutrition now inc.
pantothenicacid,Now Foods
superenzymes,Now Foods
glucosaminechondroitinmsm,"Doctor's Best, Inc."
powervim,max health Inc.
slimdia60lite,yorba health foods
slimupdouble,yorba health foods
slimup,yorba health foods
nanox9hardcore,Muscle Tech
plazmajet,Gaspari Natririon inc
redline,Red gels inc
herberex,herberex Inc.
winevolrx,EVOL Inc.
orvig,San Gebra Corporation
blackdeity2,division of powers inc
venevol,EVOL Inc.
rhino51,Rhino51
venompoison,ALR Industries
lipodrene,Hi-Tech Pharmaceuticals
revolutionthermogenicpushextreme,"Corr-Jensen Labs, Inc"
revolutionthermogenicpush,"Corr-Jensen Labs, Inc"
lipo6black,Nutrex
lipo6her,Nutrex
lipo6blackher,Nutrex
herbalvivid,Herbal Groups
fatbuster,Gm Food & Manufacturing Gardena
thunderrx,KMS Products Inc
slimdiarevolution,Jefferson Foods Corp
slimxsuperdrive,Jefferson Foods Corp
viva-ila(비바일라),Viva-ila partners USA inc
extenze,extenze
avela,Central Coast Nutraceuticals
vpxmeltdown,Vital pharmaceuticals
vitrixwithnts5,Nutrex
powerp,Quantum Natural
vprx,"EyeFive, Inc."
methyldrene,저먼 어메리칸 테크
hotrox,바이오 테스트
maxvolume,"M.D. Science Lab, LLC(유통사)"
slimmetabo,Jefferson Foods Corp
vitalmax,Gm Food & Manufacturing Gardena
malefuel,Ideasphere Inc.
slimone,Jefferson Foods Corp
slimbuster,Gm Food & Manufacturing Gardena
lifeextensionpreloxnaturalsexformen,Life extension PreloX Natural sex for men
fucothin,Garden of life LLC(유통)
2daydiet,original
ahd,BPI SportsBPI
취구짜차이절임,이에이트레이딩 주식회사
쇼킹다이어트,(주)한국씨엔에스팜
홍삼농축액,주식회사동진제약
프로바이오틱스생유산균,통라이프(TongLife)
시골향들기름2,태백식품
꼬베뗌빼끄리욱,주식회사 인코트레이딩
진안홍삼,굿데이
야채고로케,야미
프롬안스플럼,알파인리서치(주)
씨트리성게알통조림,영덕농수산영어농조합법인
순대국,(주)한상가득식품
렉소,한국네츄럴팜
강화사자발쑥진액100,영농조합법인 강화사자발약쑥
톡젤리청포도맛,주식회사 스위트드림
제노아살라미슬라이스,지앤지푸드(주)
로얄프로폴리스,비헬스뉴트리션
보리새싹분말,세종허브
부드럽고촉촉한생선까스,농업회사법인 주식회사 이든밥상
쌀떡볶이,별가식품
참이맛볶음콩가루,초야식품
루테아잔틴,(주)에프디랩
네오티어즈포르테,뉴트리코리아(주)
슈퍼옥타칸,(주)승명
알티지오메가루테인파이브스타,(주)엘케이팔마
수빈당귀백숙재료티백,수빈유통
프리미엄빌베리아이케어,(주)하이웰코리아
수빈백숙재료티백(깊은맛),수빈유통
수빈백숙재료티백(국내산),수빈유통
새우볶음밥&오리슬라이스,주식회사 나비야
사양벌꿀,목향허니비
김치볶음밥&참치오믈렛,주식회사 나비야
락토프로바이오틱스,(주)엘카라
유기농밀크초콜릿,주식회사 디엔씨트레이딩
코코엘오가닉엑스트라버진코코넛오일,(주)한국생활건강
코코엘오가닉코코넛오일,(주)한국생활건강
생콩가루,횡성농협가공공장
마이산생칡즙,무진장조은식품
미도원양념가오리,신천지식품주식회사
마가루,뫼내뜰영농조합법인식품2공장
땅콩기름,화련무역 주식회사
볶음콩가루,(주)청은에프엔비
한우고기곰탕,(주)우당탕
식혜만들기,전원식품
타우린,한국바이오젠(주)
글리신,한국바이오젠(주)
강황분말,주식회사 신영허브
왕로지,(주)성신푸드
홍화씨환,함양농협
원조동해회관짱뚱어탕,동해푸드
새싹보리분말,김포맥아식품
얼그레이홍차,(주)이마트
대나무참숯구이,동산식품 농업회사법인유한회사
참숯간장불고기,동산식품 농업회사법인유한회사
참숯고추장불고기,동산식품 농업회사법인유한회사
여주가루,퓨어영(Pure young)
엿기름가루,한국상사
프리미엄프로바이오틱스레이디,(주)네이처생명과학
디라고프로바이오틱스,(주)세드러스코리아
프리미엄골드프로바이오틱스17,아기뷰(I GIVE YOU)
레몬소르베마카롱,주식회사 조인앤조인
딸기요거트마카롱,주식회사 조인앤조인
말차브라우니마카롱,주식회사 조인앤조인
해마루엿기름,화곡농산
계피가루(시나몬가루),(주)바르미식품
강황가루,(주)바르미식품
요망진ABC주스,제주농장영농조합법인제주지점
즉석떡볶이,(주)티제이컴퍼니
냉동다진마늘,(주)에이치비플러스
제주흑돼지육포,유한회사 엠아이에프 농업회사법인
유토피스에프,엘엔비내츄럴
석유왁스,(주)자이언트케미칼
자이언트왁스,(주)자이언트케미칼
솔검,(주)자이언트케미칼
춘향골탕소스,(주)새한BiF
아로마워터주니퍼,주식회사 비오에스케이스파
아로마워터바질,주식회사 비오에스케이스파
아로마워터스피아,주식회사 비오에스케이스파
아로마워터프랑,주식회사 비오에스케이스파
아로마워터레몬,주식회사 비오에스케이스파
주니퍼베리,주식회사 비오에스케이스파
바질,주식회사 비오에스케이스파
프랑킨센스,주식회사 비오에스케이스파
레몬오일,주식회사 비오에스케이스파
로즈레몬,주식회사 비오에스케이스파
스피아민트,주식회사 비오에스케이스파
양념장소스,주식회사 에프엔씨코리아
매운양념소스,주식회사 에프엔씨코리아
검은깨소스,주식회사 에프엔씨코리아
해물맛쌀국수소스,주식회사 에프엔씨코리아
피비5000파워골드플러스,미래바이오
프로바이오틱스100억,주식회사에스케이와이통상
한우고기곰탕,주식회사 나이스푸드
시워드솔,(주)자이언트케미칼
코코엘오가닉엑스트라버진코코넛오일,(주)제이엔제이트레이드(J&J Trade Co. Ltd.)
에버봄에스,네오팜
진미오징어,한성씨푸드주식회사
탐침온도계,(주) 카스
탐침온도계,테스토코리아(유)
탐침온도계,(주)일양코포레이션
염도계,(주)일양코포레이션
탐침온도계,(주)조선계기사
PlasticFilm,옥진물산
PACKAGINGFILM,멀티박코리아(주)
플러스단백질,주식회사 노바렉스
장스마일생유산균,유한헬스팜
더베스트유산균,(주)에스엠홀푸드
프리미엄프로바이오틱스츄어블,(주)하이웰코리아
트리플피프로바이오틱스,(주)에스엠홀푸드
장반장츄어블,네이처미(NatureMe)
아이밀냠냠유기농쌀과자퍼핑도넛노랑,깊은숲속행복한식품
삼성눈헬스케어,주식회사한미양행
찰수수가루,기린농협가공사업소
볶은맥문동분말,청수생약
도가니탕,엄마손푸드
슈퍼프로폴리스스프레이(SUPERPROPOLISSPRAY),(주)오스트레일리언메이드
"제빙기(ICEMAKER,MINIICEMAKER)",신영측기(주)
"제빙기(ICEMAKER,ICECUBER)",(주)채운베스텍
ICECREAMMAKINGMACHINE,(주)채운베스텍
DRAFTBEERDISPENSER,호시자키한국 주식회사 (부산지점)
WATERCOOLER,호시자키한국 주식회사 (부산지점)
ICEMAKER,동현테크
ICEMAKER,롯데칠성음료(주)
FILTERPAPERANDPAPERBOARD,(주)오진양행
ICEMAKER,롯데알미늄(주) 생활용품부문
ICEMAKER,세인무역
"WAFFLEBAKERYMACHINERY(9B-SWB8RBLE-230-WAFFLEBAKER,BELGIANCECE)",광명상사
"BEVERAGEDISPENSINGMACHINE(CS-2D-22,D256-4,D356-4,D256-4S/N,D256-4(F0)CRATHCOCLASSICBUBBLERSPREMIXCOLD,D356-4(F0)CRATHCOCLASSICBUBBLERSPREMIXCOLD,N-2S-22,N-2D-22,NESTLEEZCAREDOUBLEBOWL,NESTLEEZCAREMINIDUO)",(주)두잉인터내쇼날
ICEMAKERS,호시자키한국 주식회사 (부산지점)
BEVERAGEDISPENSER(D256-4),(주)미건씨스템
ICECREAMMACHINE,(주)오진양행
"HOTWATERBOILERS(HWB-2102,HWB-2105)",(주)미건씨스템
ICEMAKER,삼화글로벌(주)
ICEMAKER,(주)두잉인터내쇼날
ICEMAKER,(주)광명무역상사
"NOODLEMACHINES(SIMPLEXRESTRAURANTTG.3,NEWIMPERIAPROFESSIONALRESTAURANT230V),",광명상사
츄어블프로바이오틱스,(주)메디오젠 충주공장
BLENDER,(주)오진양행
ICEMAKER,(주)오진양행
HOTWATERDISPENSER,(주)오진양행
METALBREWBASKET,(주)오진양행
ICECUBEMAKER(ICM-1221/ICM-2100/ICM-1201A/ICM-2001),주식회사디제이씨
ICECREAMMACHINE,주식회사디제이씨
네이처팩토리크릴오일58,주식회사유니쎌팜
크릴365플러스,(주)네추럴에프앤피 2공장
프로메이드노벨스타크릴오일58(promadenobelstarkrilloil58),(주)네추럴에프앤피 2공장
명작발효홍삼,(주)케이지앤에프
몬월남쌈(S-23),(주)코만푸드
냉동소족(FROZENBEEFFEET),주식회사 이노미트
PH그린밸런스파우더(4KG),에스더블유서우 주식회사
슈퍼슬림스피드버닝,코스맥스엔비티(주)
우슬닭발환,지리산마천농협가공사업소
노니열매환,더블에이치
엉겅퀴민들레환,더블에이치
순쑥워터(쑥분말100%),에프엔바이오(주)
순후추,범아식품
새싹보리분말,한국제다
산애들애강화쑥환,농업회사법인 주식회사 산애들애
산애들애강화쑥분말,농업회사법인 주식회사 산애들애
새싹보리가루,나비골농협가공공장
설악골도라지환,속초농협설악골가공공장
삼계탕골드,부광식품
Balmers한련초수승화,(주)태진
호박산이나트륨,엠에스산업(주)
위헴프캘리포니아,(주)한국생활건강
계피가루,이든타운(주)
닥터지노햄프씨드오일,(주)한국생활건강
동원훈제연어로즈마리,동원산업(주)부산공장
로즈마리&페퍼훈제연어슬라이스,동원산업(주)부산공장
크릴오일58,(주)알피바이오
크릴오일(KRILLOIL),주식회사 유에스파마텍코리아
바이탈킹크릴1200,이알엠 주식회사
이지크릴오일,이지메디칼
남극파워크릴,주식회사 명성뉴트라
라온하제크릴오일1300,아워네이처
크릴파워,이지메디칼
에크미퓨어크릴오일,주식회사 명성뉴트라
아메리카노스위트,(주)한국데코로
FORCM제빙기,포시엠컴퍼니 주식회사
전기제빙기,포시엠컴퍼니 주식회사
보리어린잎분말,인그린(주)
햄프씨드오일,아임유어스킨
고박사햄프씨드오일,(주)한국생활건강
웰러스크릴오일58,(주)다인내추럴
에스엔킹크릴,유한회사 바이탈트리 코리아
초미립보리새싹분말,주식회사 신영허브
크릴오일맥스1500,(주)스카이물산
노니분말,주식회사헬로팜
보리어린잎분말,주식회사헬로팜
데일리크릴오일1300,(주)이너네이쳐
구운조미오징어,동해안 황태채
남극크릴오일500,비타민뱅크(주)
킹크릴오일1300,(주)이너네이쳐
에코크릴오일1300,(주)이너네이쳐
크릴오일1300골드,대성바이오
슈퍼크릴오일1300,(주)이너네이쳐
레드크릴오일1300,(주)이너네이쳐
프리미엄크릴오일1300,대성바이오
크릴오일,(주)더네이처
크릴오일100,블랙오닉스
남극레드크릴오일100%,천조인터내셔널
크릴오일,(주)올가닉애드
프리미엄남극크릴오일58,주식회사 허니엘
크릴오일,에이치엘티
글레이설크릴오일,(주)영신건강하이비
잭씨드인브라인,한스무역
크릴오일,아포스캐리(APOTHECARY)
크릴오일,(주)햅스토어
퍼펙트크릴오일1200,주식회사 원삼메디
녹십초크릴오일수,(주)녹십초알로에
크릴오일(200kg)(KRILLOIL),(주)셀렉스팜
뽀로로입술캔디,다이식품 제2공장
친환경새싹귀리분말,주식회사 디딤푸드
빨라낭파파파야샐러드용드레싱,이앤케이 트레이딩
뉴브리아크릴오일,주식회사 유케이핼스케어
프리미엄크릴오일1000,(주)비헬스코리아
클린크릴오일1200,세움커머스
지노핀크릴오일,(주)RKM Tech
슈퍼파워크릴오일56,내츄럴삼육오주식회사
남극크릴오일500,(주)엔젯오리진
블루오션크릴오일,블랙오닉스
울트라맥스크릴오일58,아워네이처
유씨씨더블렌드114,유씨씨커피한국 주식회사
유씨씨더블렌드117,유씨씨커피한국 주식회사
보리어린잎(분말및분태),주식회사헬로팜
고기짜장,칠갑농산 주식회사
보리새싹가루,농업회사법인푸른산주식회사
실리콘지퍼백,(주)가승물류
노니열매파우더,(주)한국생활건강
돌핀젤리바이트,(주)일신국제무역
냉동카사바,주식회사 푸른푸드
볶음콩가루,한승식품
날콩가루,한승식품
순수석류즙,코엔에프(유)
아내의석류즙,주식회사내츄럴코어
정직한농부의석류,(주)알파바이오
구운연자육,팜스로드
유기농보리새싹분말,농업회사법인 (유)한농마을
유기농새싹보리분말,한농유기농건강체험촌(영)
친환경새싹보리분말,담아온약초
유기농새싹보리분말,으뜸농부협동조합
153꿀생강차,녹차원 주식회사
파마젠썬빛D31000IU플러스(PHARMAGENSUNVITD31000IUPLUS),(주)파마택코리아
액티브바이오틱스500,(주)헬스메디
킬로다운발포다이어트,수암제약 주식회사
냉동다슬기살(자숙),주식회사와이에스
다슬기,(주)오대양씨푸드
후레쉬캔디딸기맛,(유)대원푸드
서울찰진옥수수,(유)대원푸드
화과방통단팥,(주) 대두식품
나눔냄비,(주)에스엠한울
키오스검매스틱,(주)매스틱코리아
킹프리미엄프로바이오틱스,(주)네이처생명과학
프리미엄프로바이오틱스,(주)네이처생명과학
젤리콕콕딸기,동그린주식회사
블루플러스비타민C,비엘엔에이치(주)
헤마토코쿠스추출분말,보미 F&C
샤브샤브(소),주식회사 유진토스코
데카빌프로바이오틱스,(주)RKM Tech
프로바이쌩얼라이브,(주)이너네이쳐
산수유환,단비식품
금산홍삼진액골드,주식회사고려인삼제조
스파이레드(SPYRED),주식회사 오아이오
엔조초이스프로바이오틱스,(주)엔조코리아
쫀득한대봉말랭이,한울푸드
영양공급용기(HS-FB-900U),협성메디칼(주)
일렉트로아이스볼레몬소다향,(주)동학식품
영양점적세트F.D.S.G,(주)한국메디칼사푸라이
영양점적세트F.D.S.C,(주)한국메디칼사푸라이
교촌박스(소)_내부종이(속지),(주)케이앤에스팩
씨엔엠,(주)에이엔씨
물래실백하수오분말,물래실농원
영양공급백,(주)가주헬스케어
리큐르주성원홍주,성원홍주
진도예향홍주60%,진도예향영농조합법인
진도홍주루비콘,대대로영농조합법인
진도홍주,대대로영농조합법인
진도홍주만홍,대대로영농조합법인
진도홍주38˚,대대로영농조합법인
진도홍주Classic,대대로영농조합법인
키토산600MG,(주)네이처스토리
금호경질복전골26,(주)금호산업
금호경질복전골28,(주)금호산업
마밤텐테이션,우솔비앤비(주)
마밤글래시어,우솔비앤비(주)
리얼피스타치오,동그린주식회사
化風丹(화풍단),"강**,문**"
정선황기간장바파다,(주)부자손
시래기바파다,(주)부자손
후레쉬캔디초코맛,(주)주한산업
짝꿍바닐라맛,(주)주한산업
쁘띠다쥐르,(주)주한산업
서울더블데이트(바닐라&딸기),(주)주한산업
아띠캔디(딸기향첨가),(주)라벤다
팝콘그릇,영수산업
대나무제주방용품(찜기뚜껑15cm),(주)엘스코퍼레이션
대나무도마,영무역
녹중탕,한성탕제원
남자를위하여,(주)폴라리스이엔비
한솥헛개나무열매즙,한솥미담식품
환(제품명없음),(주)정민
캡슐(제품명없음),(주)정민
세이브엘다용도간편바베큐석쇠,롯데쇼핑(주)롯데마트사업본부
헬스골드파워,주식회사 플러스홈
Ge환(丸),(주)지이엠에이코리아
매운맛떡볶이분말,신불식품
순한맛떡볶이분말,신불식품
바나나식초,쏭이핸드메이드
깐도라지,흥농농산(주)
단호박가루,토종마을
성야말차,성야제다원
플라스틱채발,(주)케이엠피
콩두부가공용천연미네랄,영웅INC
천수환(天受丸),박OO
비글로,개인(자영업)
액체비타민,비타필
리버씨,비타필
프레씨,비타필
커리씨,비타필
다운씨,비타필
파워씨,비타필
소야씨저염식용,비타필
엘레씨,비타필
소야씨,비타필
스카벤시,비타필
파워씨저염식용,비타필
후레쉬,비타필
조인씨,비타필
올씨,비타필
이소씨,비타필
리포씨,비타필
엘레강시,비타필
"황태채(노채,실채,북어채)",한성물산
오대산황태,오대산황태
황태채,주문진청해물산
제갈양,(주)성림
토스타투라메디아,엠에이치컴퍼니
토스타투라스쿠라,엠에이치컴퍼니
